http://sil.gobernacion.gob.mx/Archivos/Fotos/9215576.jpg|Aispuro Torres, José Rosas|PAN| j.aispuro@senado.gob.mx|53-45-30-00 Ext: 3011, 3553.|19/10/1961|Durango|Tamazula|Primera Minoría|Durango|29/08/2012|Av. Paseo de la Reforma 135, Hemiciclo Piso 06 Oficina 16, Col. Tabacalera, Del. Cuauhtémoc, Cd. de México, C.P. 06030.|Flores Ávalos, Héctor David |Doctorado|Derecho| Diputado(a) Local Diputado(a) Federal |null|null
http://sil.gobernacion.gob.mx/Archivos/Fotos/9215560.jpg|Albores Gleason, Roberto Armando|PRI|roberto.albores@senado.gob.mx|53-45-30-00 Ext: 3556, 3349.|16/02/1979|Chiapas||Mayoría Relativa|Chiapas|29/08/2012|Av. Paseo de la Reforma 135, Hemiciclo Piso 04 Oficina 01, Col. Tabacalera, Del. Cuauhtémoc, Cd. de México, C.P. 06030.|Zuarth Esquinca, Rubén Antonio |Licenciatura|Económico-financiera| Diputado(a) Federal |Medalla Belisario Domínguez (C. Senadores) |null
http://sil.gobernacion.gob.mx/Archivos/Fotos/9215850.jpg|Alcalá Ruiz, Blanca María del Socorro|PRI|blanca.alcala@senado.gob.mx|53-45-30-00 Ext: 5383, 3440.|08/10/1961|Tlaxcala|Tlaxcala|Mayoría Relativa|Puebla|29/08/2012|Av. Paseo de la Reforma 135, Hemiciclo Piso 04 Oficina 02, Col. Tabacalera, Del. Cuauhtémoc, Cd. de México, C.P. 06030.|Izaguirre Francos, María del Carmen |Maestría|Ciencias políticas y sociales| Diputado(a) Local |Cultura (C. Senadores) |null
http://sil.gobernacion.gob.mx/Archivos/Fotos/9215834.jpg|Álvarez García, Ivonne Liliana|PRI|ivonnealvarez@senado.gob.mx|53-45-30-00 Ext: 2373, 2211.|25/04/1978|Nuevo León|Monterrey|Mayoría Relativa|Nuevo León|29/08/2012|Av. Paseo de la Reforma 135, Hemiciclo Piso 04 Oficina 03, Col. Tabacalera, Del. Cuauhtémoc, Cd. de México, C.P. 06030.|Quiroga Tamez, Mayela María de Lourdes |Licenciatura|Derecho| Diputado(a) Local |Asuntos Fronterizos Norte (C. Senadores) |null
http://sil.gobernacion.gob.mx/Archivos/Fotos/9215897.jpg|Amador Gaxiola, Daniel|PRI|daniel.amador@senado.gob.mx|53-45-30-00 Ext: 3341, 3993, 3450.|04/09/1956|Sinaloa|Elota|Mayoría Relativa|Sinaloa|29/08/2012|Av. Paseo de la Reforma 135, Hemiciclo Piso 04 Oficina 04, Col. Tabacalera, Del. Cuauhtémoc, Cd. de México, C.P. 06030.|Tarriba Urtuzuástegui, Manuel Esteban |Profesor Normalista|null| Diputado(a) Local Diputado(a) Federal |Para el desarrollo metropolitano (C. Senadores) |null
http://sil.gobernacion.gob.mx/Archivos/Fotos/9216280.jpg|Araujo Lara, Angélica del Rosario|PRI|angelica.araujo@senado.gob.mx|53-45-30-00 Ext: 3036.|21/06/1964|Yucatán|Tixkokob|Primera Minoría|Yucatán|29/08/2012|Av. Paseo de la Reforma 135, Hemiciclo Piso 04 Oficina 06, Col. Tabacalera, Del. Cuauhtémoc, Cd. de México, C.P. 06030.|López Briceño, Alaine Patricia |Maestría|Ciencias políticas y sociales| Diputado(a) Federal |Desarrollo Urbano y Ordenación Territorial (C. Senadores) |null
http://sil.gobernacion.gob.mx/Archivos/Fotos/9217947.jpg|Arriola Gordillo, Mónica Tzasna|PANAL|monica.arriola@senado.gob.mx|53-45-30-00 Ext.: 3302, 3237.|14/05/1971|Distrito Federal|Tlalpan|Representación Proporcional|N/A|29/08/2012|Av. Paseo de la Reforma 135, Hemiciclo Piso 05 Oficina 21, Col. Tabacalera, Del. Cuauhtémoc, Cd. de México, C.P. 06030.|Cárdenas Fonseca, Manuel |Licenciatura|Humanidades| Diputado(a) Local Diputado(a) Federal |Derechos Humanos (C. Senadores) |null
http://sil.gobernacion.gob.mx/Archivos/Fotos/9216268.jpg|Ávila Ruiz, Daniel Gabriel|PAN|daniel.avila@pan.senado.gob.mx|53-45-30-00 Ext: 3327.|03/08/1971|Yucatán|Tizimín|Mayoría Relativa|Yucatán|29/08/2012|Av. Paseo de la Reforma 135, Hemiciclo Piso 06 Oficina 26, Col. Tabacalera, Del. Cuauhtémoc, Cd. de México, C.P. 06030.|Villanueva Trujillo, Loreto Noemí |Maestría|Administración y contaduría| Diputado(a) Local Diputado(a) Federal |Juventud y Deporte (C. Senadores) |null
http://sil.gobernacion.gob.mx/Archivos/Fotos/9217613.jpg|Ayala Almeida, Joel|PRI|jayala@senado.gob.mx|53-45-30-00 Ext: 3257, 3694.|20/12/1946|Sonora|San Luis Río Colorado|Representación Proporcional|N/A|29/08/2012|Av. Paseo de la Reforma 135, Hemiciclo Piso 04 Oficina 07, Col. Tabacalera, Del. Cuauhtémoc, Cd. de México, C.P. 06030.|Villegas Arreola, Alfredo |Licenciatura|Económico-financiera| Diputado(a) Federal Senador(a) |Defensa Nacional (C. Senadores) |null
http://sil.gobernacion.gob.mx/Archivos/Fotos/9217905.jpg|Barbosa Huerta, Luis Miguel Gerónimo|PRD|miguel.barbosa@senado.gob.mx| 53-45-30-00 Ext.: 3158, 3116.|30/09/1959|Puebla|Tehuacán|Representación Proporcional|N/A|29/08/2012|Av. Paseo de la Reforma 135, Hemiciclo Piso 03 Oficina 06, Col. Tabacalera, Del. Cuauhtémoc, Cd. de México, C.P. 06030.|Berlanga Sánchez, Marlon |Licenciatura|Derecho| Diputado(a) Federal |Primera Comisión de Trabajo: Gobernación, Puntos Constitucionales y Justicia (Com. Perm.) |null
http://sil.gobernacion.gob.mx/Archivos/Fotos/9218030.jpg|Barrales Magdaleno, María Alejandra|PRD|alejandra.barrales@senado.gob.mx| 53-45-30-00 Ext.: 5390|17/07/1967|Distrito Federal||Mayoría Relativa|Distrito Federal|29/08/2012|Av. Paseo de la Reforma 135, Hemiciclo Piso 03 Oficina 19, Col. Tabacalera, Del. Cuauhtémoc, Cd. de México, C.P. 06030|Tagle Martínez, Martha Angélica |Maestría|Ciencias políticas y sociales| Diputado(a) Local Diputado(a) Federal |Radio, Televisión y Cinematografía (C. Senadores) |null
http://sil.gobernacion.gob.mx/Archivos/Fotos/9217931.jpg|Barrera Tapia, María Elena|PVEM|mariaelena@senado.gob.mx|53-45-30-00 Ext: 5398, 5439.|22/09/1960|México|Toluca|Mayoría Relativa|México|29/08/2012|Av. Paseo de la Reforma 135, Hemiciclo Piso 03 Oficina , Col. Tabacalera, Del. Cuauhtémoc, Cd. de México, C.P. 06030.|Luque Inzunza, Martha Vianey |Maestría|Administración y contaduría|null|Vivienda (C. Senadores) |null
http://sil.gobernacion.gob.mx/Archivos/Fotos/9215528.jpg|Barroso Agramont, Ricardo|PRI|rbarroso@senado.gob.mx|53-45-30-00 Ext: 3628, 3210.|29/02/1980|Baja California Sur|La Paz|Mayoría Relativa|Baja California Sur|29/08/2012|Av. Paseo de la Reforma 135, Hemiciclo Piso 04 Oficina 08, Col. Tabacalera, Del. Cuauhtémoc, Cd. de México, C.P. 06030.|Ceseña Burgoin, Ángel Salvador |Licenciatura|Derecho|null|Marina (C. Senadores) |null
http://sil.gobernacion.gob.mx/Archivos/Fotos/9217917.jpg|Bartlett Díaz, Manuel|PT|mbartlett@senado.gob.mx|53-45-30-00 Ext: 5479, 5461.|23/02/1936|Puebla|Puebla|Representación Proporcional|N/A|29/08/2012|Av. Paseo de la Reforma 135, Hemiciclo Piso 01 Oficina 07, Col. Tabacalera, Del. Cuauhtémoc, Cd. de México, C.P. 06030.|Espinosa Ramos, Francisco Amadeo |Doctorado|Ciencias políticas y sociales| Senador(a) |Energía (C. Senadores) |null
http://sil.gobernacion.gob.mx/Archivos/Fotos/9218044.jpg|Beristain Navarrete, Luz María|PRD| luz.beristain@senado.gob.mx|53-45-30-00 Ext.: 3144, 5396.|04/10/1963|Yucatán|Tizimín|Primera Minoría|Quintana Roo|29/08/2012|Av. Paseo de la Reforma 135, Hemiciclo Piso 03 Oficina 02, Col. Tabacalera, Del. Cuauhtémoc, Cd. de México, C.P. 06030.|Sánchez Cruz, Alfonsina |Licenciatura|Ciencias políticas y sociales| Diputado(a) Local |Administración (C. Senadores) |null
http://sil.gobernacion.gob.mx/Archivos/Fotos/9218077.jpg|Blásquez Salinas, Marco Antonio|PT|marcobla@senado.gob.mx|53-45-30-00 Ext: 3246, 3850, 3925.|07/05/1963|Baja California|Tijuana|Primera Minoría|Baja California|29/08/2012|Av. Paseo de la Reforma 135, Hemiciclo Piso 05 Oficina 26, Col. Tabacalera, Del. Cuauhtémoc, Cd. de México, C.P. 06030.|Solorio Ramírez, Daniel |null|null|null|Para dar seguimiento a las agresiones contra periodistas y medios de comunicación (C. Senadores) |null
http://sil.gobernacion.gob.mx/Archivos/Fotos/9215861.jpg|Burgos García, Enrique|PRI|eburgosg@senado.gob.mx| 53-45-30-00 Ext: 5199, 3048.|20/04/1946|Querétaro|Querétaro|Primera Minoría|Querétaro|29/08/2012|Av. Paseo de la Reforma 135, Hemiciclo Piso 04 Oficina 09, Col. Tabacalera, Del. Cuauhtémoc, Cd. de México, C.P. 06030.|García Quiroz, Jorge |Doctorado|Derecho| Diputado(a) Local Diputado(a) Federal Senador(a) |Puntos Constitucionales (C. Senadores) |null
http://sil.gobernacion.gob.mx/Archivos/Fotos/9215933.jpg|Búrquez Valenzuela, Francisco de Paula|PAN|francisco.burquez@senado.gob.mx|53-45-30-00 Ext: 3933, 3999.|06/06/1958|Sonora|Hermosillo|Primera Minoría|Sonora|29/08/2012|Av. Paseo de la Reforma 135, Hemiciclo Piso 05 Oficina 28, Col. Tabacalera, Del. Cuauhtémoc, Cd. de México, C.P. 06030.|Espinoza Casillas, Martha Patricia |Maestría|Administración y contaduría|null|Desarrollo Urbano y Ordenación Territorial (C. Senadores) |null
http://sil.gobernacion.gob.mx/Archivos/Fotos/9217880.jpg|Calderón Hinojosa, Luisa María de Guadalupe|PAN|lcalderonh@senado.gob.mx|53-45-30-00 Ext: 3234, 3005, 3612.|23/10/1956|Distrito Federal|México|Representación Proporcional|N/A|29/08/2012|Av. Paseo de la Reforma 135, Hemiciclo Piso 06 Oficina 08, Col. Tabacalera, Del. Cuauhtémoc, Cd. de México, C.P. 06030.|Clavel Sánchez, Lizette |Maestría|Humanidades| Diputado(a) Local Diputado(a) Federal Senador(a) |Asuntos Indígenas (C. Senadores) |null
http://sil.gobernacion.gob.mx/Archivos/Fotos/9218075.jpg|Camacho Solís, Víctor Manuel|PRD|manuel.camacho@senado.gob.mx| 53-45-30-00 Ext.: 3196, 5223.|30/03/1946|Distrito Federal|México|Representación Proporcional|N/A|29/08/2012|Av. Paseo de la Reforma 135, Hemiciclo Piso 03 Oficina 03, Col. Tabacalera, Del. Cuauhtémoc, Cd. de México, C.P. 06030.|Fernández Fuentes, Luis Humberto |Maestría|Ciencias políticas y sociales| Diputado(a) Federal |Bicamaral de Seguridad Nacional (H. Congreso de la Unión) |null
http://sil.gobernacion.gob.mx/Archivos/Fotos/9217242.jpg|Casillas Romero, Jesús|PRI|jesus.casillas@senado.gob.mx|53-45-30-00 Ext: 3183, 3159.|13/05/1962|||Mayoría Relativa|Jalisco|29/08/2012|Av. Paseo de la Reforma 135, Hemiciclo Piso 04 Oficina 10, Col. Tabacalera, Del. Cuauhtémoc, Cd. de México, C.P. 06030.|Contreras Zepeda, Hugo |Licenciatura|Derecho| Diputado(a) Local |De movilidad (C. Senadores) |null
http://sil.gobernacion.gob.mx/Archivos/Fotos/9215941.jpg|Cavazos Lerma, Manuel|PRI|manuel.cavazos@senado.gob.mx|53-45-30-00 Ext: 3359, 3978, 5011.|12/03/1946|Tamaulipas|Matamoros|Primera Minoría|Tamaulipas|29/08/2012|Av. Paseo de la Reforma 135, Hemiciclo Piso 04 Oficina 11, Col. Tabacalera, Del. Cuauhtémoc, Cd. de México, C.P. 06030.|Rábago Castillo, José Francisco |Maestría|Económico-financiera| Diputado(a) Federal Senador(a) |Para el análisis y seguimiento de las finanzas públicas (C. Senadores) |null
http://sil.gobernacion.gob.mx/Archivos/Fotos/9217615.jpg|Cervantes Andrade, Raúl|PRI|rcervantes@senado.gob.mx| 53-45-30-00 Ext: 3404.|03/06/1963|Distrito Federal|Cuauhtémoc|Representación Proporcional|N/A|29/08/2012|Av. Paseo de la Reforma 135, Hemiciclo Piso 04 Oficina 12, Col. Tabacalera, Del. Cuauhtémoc, Cd. de México, C.P. 06030.|Urzúa Rivera, Ricardo |Doctorado|Derecho| Diputado(a) Federal |Puntos Constitucionales (C. Senadores) |null
http://sil.gobernacion.gob.mx/Archivos/Fotos/9215582.jpg|Chico Herrera, Miguel Ángel|PRI|mchicoh@senado.gob.mx| 53-45-30-00 Ext: 3204.|17/03/1961|Guanajuato|Irapuato|Primera Minoría|Guanajuato|29/08/2012|Av. Paseo de la Reforma 135, Hemiciclo Piso 04 Oficina 13, Col. Tabacalera, Del. Cuauhtémoc, Cd. de México, C.P. 06030.|Rodríguez Olivares, Bonifacio |Licenciatura|Derecho| Diputado(a) Local |Reforma del Estado (C. Senadores) |null
http://sil.gobernacion.gob.mx/Archivos/Fotos/9217874.jpg|Cordero Arroyo, Ernesto Javier|PAN|mesadirectiva@senado.gob.mx|53-45-30-00 Ext: 2205, 2206.|09/05/1968|Distrito Federal|Cuauhtémoc|Representación Proporcional|N/A|29/08/2012|Av. Paseo de la Reforma 135, Hemiciclo Piso Oficina , Col. Tabacalera, Del. Cuauhtémoc, Cd. de México, C.P. 06030.|Hernández Núñez, Elia |Maestría|Económico-financiera|null|Relaciones Exteriores, África (C. Senadores) |null
http://sil.gobernacion.gob.mx/Archivos/Fotos/9217780.jpg|Corral Jurado, Javier|PAN|javier.corral@pan.senado.gob.mx|53-45-30-00 Ext: 3035, 3432, 3527.|02/08/1966|Chihuahua|Ciudad Juárez|Primera Minoría|Chihuahua|29/08/2012|Av. Paseo de la Reforma 135, Hemiciclo Piso 06 Oficina 30, Col. Tabacalera, Del. Cuauhtémoc, Cd. de México, C.P. 06030.|Martínez Elizondo, Sylvia Leticia |Licenciatura|Derecho| Diputado(a) Local Diputado(a) Federal Senador(a) |Reglamentos y Prácticas Parlamentarias (C. Senadores) |null
http://sil.gobernacion.gob.mx/Archivos/Fotos/9215824.jpg|Cota Jiménez, Manuel Humberto|PRI| cotanayarit@senado.gob.mx| 53-45-30-00 Ext: 3342, 3451.|02/03/1961|Nayarit|Tepic|Mayoría Relativa|Nayarit|29/08/2012|Av. Paseo de la Reforma 135, Hemiciclo Piso 04 Oficina 14, Col. Tabacalera, Del. Cuauhtémoc, Cd. de México, C.P. 06030.|García Chávez, Raymundo |Pasante/Licenciatura trunca|Administración y contaduría| Diputado(a) Local Diputado(a) Federal |Agricultura y Ganadería (C. Senadores) |null
http://sil.gobernacion.gob.mx/Archivos/Fotos/9218052.jpg|Cuéllar Cisneros, Lorena|PRD|lorena.cuellar@senado.gob.mx| 53-45-30-00 Ext.: 3198|20/02/1962|Tlaxcala|Tlaxcala|Mayoría Relativa|Tlaxcala|29/08/2012|Av. Paseo de la Reforma 135, Hemiciclo Piso 03 Oficina 12, Col. Tabacalera, Del. Cuauhtémoc, Cd. de México, C.P. 06030.|Roldán Benítez, Alejandra |Licenciatura|Ciencias de la educación| Diputado(a) Local |Desarrollo Social (C. Senadores) |null
http://sil.gobernacion.gob.mx/Archivos/Fotos/9217884.jpg|Cuevas Barrón, Gabriela|PAN|gabriela.cuevas@senado.gob.mx|53-45-30-00 Ext: 3213, 3214.|03/04/1979|Distrito Federal|Miguel Hidalgo|Representación Proporcional|N/A|29/08/2012|Av. Paseo de la Reforma 135, Hemiciclo Piso 06 Oficina 29, Col. Tabacalera, Del. Cuauhtémoc, Cd. de México, C.P. 06030.|Márquez Espinoza, Blanca Belia |Pasante/Licenciatura trunca|Ciencias políticas y sociales| Diputado(a) Local Diputado(a) Federal |Relaciones Exteriores (C. Senadores) |null
http://sil.gobernacion.gob.mx/Archivos/Fotos/9215953.jpg|Dávila Fernández, Adriana|PAN|adriana.davila@pan.senado.gob.mx|53-45-30-00 Ext: 5078, 5452.|30/12/1970|Tlaxcala|Apizaco|Primera Minoría|Tlaxcala|29/08/2012|Av. Paseo de la Reforma 135, Hemiciclo Piso 05 Oficina 27, Col. Tabacalera, Del. Cuauhtémoc, Cd. de México, C.P. 06030.|Torres López, Amelia |Licenciatura|Comunicación| Diputado(a) Federal |Contra la Trata de Personas (C. Senadores) |null
http://sil.gobernacion.gob.mx/Archivos/Fotos/9217907.jpg|De la Peña Gómez, Angélica|PRD|angelicadelapena@senado.gob.mx| 53-45-30-00 Ext.: 3127, 3519.|30/05/1954|Jalisco|Guadalajara|Representación Proporcional|N/A|29/08/2012|Av. Paseo de la Reforma 135, Hemiciclo Piso 03 Oficina 07, Col. Tabacalera, Del. Cuauhtémoc, Cd. de México, C.P. 06030.|Ortiz Ortega, Adriana Noemí |Licenciatura|Humanidades| Diputado(a) Federal |Derechos Humanos (C. Senadores) |null
http://sil.gobernacion.gob.mx/Archivos/Fotos/9218032.jpg|Delgado Carrillo, Mario Martín|PRD| mario.delgado@senado.gob.mx| 53-45-30-00 Ext.: 3470, 3827.|17/06/1972|Colima|Colima|Mayoría Relativa|Distrito Federal|29/08/2012|Av. Paseo de la Reforma 135, Hemiciclo Piso 03 Oficina 08, Col. Tabacalera, Del. Cuauhtémoc, Cd. de México, C.P. 06030.|Tenorio Antiga, Xiuh Guillermo |Maestría|Económico-financiera|null|Distrito Federal (C. Senadores) |null
http://sil.gobernacion.gob.mx/Archivos/Fotos/9218082.jpg|Demédicis Hidalgo, Fidel|PRD| fidel.demedicis@senado.gob.mx|53-45-30-00 Ext.: 3561, 5094.|23/03/1956|Morelos|Temixco|Mayoría Relativa|Morelos|29/08/2012|Av. Paseo de la Reforma 135, Hemiciclo Piso 03 Oficina 16, Col. Tabacalera, Del. Cuauhtémoc, Cd. de México, C.P. 06030.|Carrasco Zanini Castillo, Eduardo Ernesto |Pasante/Licenciatura trunca|Ciencias políticas y sociales| Diputado(a) Local |Desarrollo Rural (C. Senadores) |null
http://sil.gobernacion.gob.mx/Archivos/Fotos/9216270.jpg|Díaz Lizama, Rosa Adriana|PAN|rosa.diaz@senado.gob.mx|53-45-30-00 Ext: 3068, 5451, 3065.|16/11/1973|Yucatán||Mayoría Relativa|Yucatán|29/08/2012|Av. Paseo de la Reforma 135, Hemiciclo Piso 06 Oficina 31, Col. Tabacalera, Del. Cuauhtémoc, Cd. de México, C.P. 06030.|Valencia Heredia, Elisa Maribel |Pasante/Licenciatura trunca|Derecho| Diputado(a) Local Diputado(a) Federal |Derechos Humanos (C. Senadores) |null
http://sil.gobernacion.gob.mx/Archivos/Fotos/9217742.jpg|Díaz Salazar, María Cristina|PRI|cristina.diazs09@senado.gob.mx| 53-45-30-00 Ext: 3345, 3454.|17/09/1958|Nuevo León|Monterrey|Representación Proporcional|N/A|29/08/2012|Av. Paseo de la Reforma 135, Hemiciclo Piso 04 Oficina 15, Col. Tabacalera, Del. Cuauhtémoc, Cd. de México, C.P. 06030.|Terán Velázquez, María Esther |Licenciatura|Derecho| Diputado(a) Local Diputado(a) Federal |Gobernación (C. Senadores) |null
http://sil.gobernacion.gob.mx/Archivos/Fotos/9215865.jpg|Domínguez Servién, Francisco|PAN|panchodominguez@senado.gob.mx|53-45-30-00 Ext: 3409, 5348.|11/08/1966|Querétaro||Mayoría Relativa|Querétaro|29/08/2012|Av. Paseo de la Reforma 135, Hemiciclo Piso 06 Oficina 03, Col. Tabacalera, Del. Cuauhtémoc, Cd. de México, C.P. 06030.|Rocha Acosta, Sonia |Licenciatura|Agropecuaria y zootecnia| Diputado(a) Federal |Agricultura y Ganadería (C. Senadores) |null
http://sil.gobernacion.gob.mx/Archivos/Fotos/9218038.jpg|Encinas Rodríguez, Alejandro de Jesús|PRD|aencinas@senado.gob.mx|53-45-30-00 Ext.: 3112, 3961.|13/05/1954|Distrito Federal|Cuauhtémoc|Primera Minoría|México|29/08/2012|Av. Paseo de la Reforma 135, Hemiciclo Piso 03 Oficina 09, Col. Tabacalera, Del. Cuauhtémoc, Cd. de México, C.P. 06030.|Crisóstomo Reyes, Manuel |Licenciatura|Económico-financiera| Diputado(a) Federal |Bicamaral del Canal de Televisión del Congreso de la Unión (H. Congreso de la Unión) |null
http://sil.gobernacion.gob.mx/Archivos/Fotos/9215570.jpg|Escudero Morales, Pablo|PVEM|pablo.escudero@senado.gob.mx|53-45-30-00 Ext: 3293, 5170.|06/07/1973|Distrito Federal|México|Primera Minoría|Distrito Federal|29/08/2012|Av. Paseo de la Reforma 135, Hemiciclo Piso 03 Oficina 32, Col. Tabacalera, Del. Cuauhtémoc, Cd. de México, C.P. 06030.|Tapia Franco, José María |Maestría|Ciencias políticas y sociales| Diputado(a) Federal |Anticorrupción y Participación Ciudadana (C. Senadores) |null
http://sil.gobernacion.gob.mx/Archivos/Fotos/9215778.jpg|Fayad Meneses, Omar|PRI|omarfayad@senado.gob.mx|53-45-30-00 Ext: 3072, 3997.|26/08/1962|Hidalgo|Zempoala|Mayoría Relativa|Hidalgo|29/08/2012|Av. Paseo de la Reforma 135, Hemiciclo Piso 04 Oficina 16, Col. Tabacalera, Del. Cuauhtémoc, Cd. de México, C.P. 06030.|Priego Calva, Jesús |Licenciatura|Derecho| Diputado(a) Federal |Seguridad Pública (C. Senadores) |null
http://sil.gobernacion.gob.mx/Archivos/Fotos/9215546.jpg|Fernández Aguirre, Braulio Manuel|PRI|braulio.fernandez@senado.gob.mx|53-45-30-00 Ext: 3070, 3245.|17/06/1941|Coahuila|Torreón|Primera Minoría|Coahuila|29/08/2012|Av. Paseo de la Reforma 135, Hemiciclo Piso 04 Oficina 17, Col. Tabacalera, Del. Cuauhtémoc, Cd. de México, C.P. 06030.|Medina Ramírez, Tereso |Licenciatura|Administración y contaduría| Diputado(a) Local Diputado(a) Federal |Comercio y Fomento Industrial (C. Senadores) |null
http://sil.gobernacion.gob.mx/Archivos/Fotos/9218227.jpg|Flores Escalera, Hilda Esthela|PRI|hilda.flores@senado.gob.mx|53-45-30-00 Ext: 3284, 3506.|09/09/1970|Coahuila|Saltillo|Representación Proporcional|N/A|29/08/2012|Av. Paseo de la Reforma 135, Hemiciclo Piso 04 Oficina 18, Col. Tabacalera, Del. Cuauhtémoc, Cd. de México, C.P. 06030.|González Soto, Diana Patricia |Licenciatura|Ciencias políticas y sociales| Diputado(a) Local Diputado(a) Federal |Atención a Grupos Vulnerables (C. Senadores) |null
http://sil.gobernacion.gob.mx/Archivos/Fotos/9217929.jpg|Flores Ramírez, Juan Gerardo|PVEM| gerardo.flores@senado.gob.mx| 53-45-30-00 Ext:|31/07/1968|||Representación Proporcional|N/A|29/08/2012|Av. Paseo de la Reforma 135, Hemiciclo Piso 03 Oficina 28, Col. Tabacalera, Del. Cuauhtémoc, Cd. de México, C.P. 06030.|Contreras López, Pedro Ángel |Maestría|Económico-financiera| Diputado(a) Federal |Comunicaciones y Transportes (C. Senadores) |null
http://sil.gobernacion.gob.mx/Archivos/Fotos/9215826.jpg|Flores Sánchez, Margarita|PRI|margarita.flores@senado.gob.mx|53-45-30-00 Ext: 3333, 3423, 3317.|10/12/1961|Sinaloa|Culiacán|Mayoría Relativa|Nayarit|29/08/2012|Av. Paseo de la Reforma 135, Hemiciclo Piso 04 Oficina 19, Col. Tabacalera, Del. Cuauhtémoc, Cd. de México, C.P. 06030.|Barrón Vivanco, Michelle Arandine |Preparatoria|null|null|Relaciones Exteriores, África (C. Senadores) |null
http://sil.gobernacion.gob.mx/Archivos/Fotos/9217740.jpg|Gamboa Patrón, Emilio Antonio|PRI| emilio.gamboa@senado.gob.mx|53-45-30-00 Ext: 3274, 2340.|23/08/1950|Distrito Federal|México|Representación Proporcional|N/A|29/08/2012|Av. Paseo de la Reforma 135, Hemiciclo Piso 04 Oficina 05, Col. Tabacalera, Del. Cuauhtémoc, Cd. de México, C.P. 06030.|Juraidini Rumilla, Jorge Alberto |Licenciatura|Administración y contaduría| Diputado(a) Federal Senador(a) |null|null
http://sil.gobernacion.gob.mx/Archivos/Fotos/9215931.jpg|Gándara Camou, Ernesto|PRI|ernesto.gandara@senado.gob.mx|53-45-30-00 Ext: 3433, 3185.|22/09/1960|Sonora|Hermosillo|Mayoría Relativa|Sonora|29/08/2012|Av. Paseo de la Reforma 135, Hemiciclo Piso 04 Oficina 20, Col. Tabacalera, Del. Cuauhtémoc, Cd. de México, C.P. 06030.|Navarro Gallegos, Raúl |Maestría|Derecho|null|Trabajo y Previsión Social (C. Senadores) |null
http://sil.gobernacion.gob.mx/Archivos/Fotos/9215828.jpg|García Gómez, Martha Elena|PAN|marthaelena@senado.gob.mx|53-45-30-00 Ext: 3388, 5073.|03/05/1945|Oaxaca|Oaxaca de Juárez|Primera Minoría|Nayarit|29/08/2012|Av. Paseo de la Reforma 135, Hemiciclo Piso 06 Oficina 01, Col. Tabacalera, Del. Cuauhtémoc, Cd. de México, C.P. 06030.|Ortiz Urciaga, Ángela Esmeralda |Técnico|Administración y contaduría| Diputado(a) Federal |Derechos de la Niñez y de la Adolescencia (C. Senadores) |null
http://sil.gobernacion.gob.mx/Archivos/Fotos/9215945.jpg|García Cabeza de Vaca, Francisco Javier|PAN|franciscocabezadevaca@senado.gob.mx|53-45-30-00 Ext: 3022, 5245.|17/09/1967|Tamaulipas|Reynosa|Mayoría Relativa|Tamaulipas|29/08/2012|Av. Paseo de la Reforma 135, Hemiciclo Piso 06 Oficina 05, Col. Tabacalera, Del. Cuauhtémoc, Cd. de México, C.P. 06030.|García Guajardo, Sandra Luz |Maestría|Económico-financiera| Diputado(a) Local Diputado(a) Federal |Reforma Agraria (C. Senadores) |null
http://sil.gobernacion.gob.mx/Archivos/Fotos/9217776.jpg|Garza Galván, Silvia Guadalupe|PAN|silvia.garza@senado.gob.mx|53-45-30-00 Ext: 3337, 3446.|05/07/1962|Coahuila|Monclova|Mayoría Relativa|Coahuila|29/08/2012|Av. Paseo de la Reforma 135, Hemiciclo Piso 05 Oficina 32, Col. Tabacalera, Del. Cuauhtémoc, Cd. de México, C.P. 06030.|González Pérez, Elva Martha |Licenciatura|Ciencias| Diputado(a) Local |De cambio climático (C. Senadores) |null
http://sil.gobernacion.gob.mx/Archivos/Fotos/9217603.jpg|Gastélum Bajo, Diva Hadamira|PRI|diva.gastelum@senado.gob.mx|53-45-30-00 Ext: 3309, 3410.|30/07/1961|Sinaloa|Guasave|Representación Proporcional|N/A|29/08/2012|Av. Paseo de la Reforma 135, Hemiciclo Piso 04 Oficina 21, Col. Tabacalera, Del. Cuauhtémoc, Cd. de México, C.P. 06030.|Jasso Nieto, Ofelia Socorro |Maestría|Derecho| Diputado(a) Local Diputado(a) Federal |Para la Igualdad de Género (C. Senadores) |null
http://sil.gobernacion.gob.mx/Archivos/Fotos/9217878.jpg|Gil Zuarth, Roberto|PAN|roberto.gil@senado.gob.mx|53-45-30-00 Ext: 3084, 3569.|10/10/1977|Chiapas|Villaflores|Representación Proporcional|N/A|29/08/2012|Av. Paseo de la Reforma 135, Hemiciclo Piso 06 Oficina 27, Col. Tabacalera, Del. Cuauhtémoc, Cd. de México, C.P. 06030.|Loaiza Garzón, Adriana |Maestría|Derecho| Diputado(a) Federal |Justicia (C. Senadores) |null
http://sil.gobernacion.gob.mx/Archivos/Fotos/9217904.jpg|Gómez González, Arely|PRI|arelygomezg@senado.gob.mx|53-45-30-00 Ext: 3813.|09/11/1952|Distrito Federal||Representación Proporcional|N/A|29/08/2012|Av. Paseo de la Reforma 135, Hemiciclo Piso 04 Oficina 22, Col. Tabacalera, Del. Cuauhtémoc, Cd. de México, C.P. 06030.|Domínguez Arvizu, María Hilaria |Maestría|Ciencias políticas y sociales|null|Comité de Garantía de Acceso y Transparencia de la Información del Senado de la República (C. Senadores) |null
http://sil.gobernacion.gob.mx/Archivos/Fotos/9217876.jpg|Gómez del Campo Gurza, Mariana|PAN|mariana@pan.senado.gob.mx|53-45-30-00 Ext: 3019, 3020.|07/08/1978|Distrito Federal|Miguel Hidalgo|Representación Proporcional|N/A|29/08/2012|Av. Paseo de la Reforma 135, Hemiciclo Piso 06 Oficina 10, Col. Tabacalera, Del. Cuauhtémoc, Cd. de México, C.P. 06030.|Quiroga Fernández, María Isabel |Licenciatura|Comunicación| Diputado(a) Local |Relaciones Exteriores, América Latina y el Caribe (C. Senadores) |null
http://sil.gobernacion.gob.mx/Archivos/Fotos/9215875.jpg|González Canto, Félix Arturo|PRI|felixgc@senado.gob.mx| 53-45-30-00 Ext: 3281, 5105.|23/07/1968|Quintana Roo|Cozumel|Mayoría Relativa|Quintana Roo|29/08/2012|Av. Paseo de la Reforma 135, Hemiciclo Piso 04 Oficina 23, Col. Tabacalera, Del. Cuauhtémoc, Cd. de México, C.P. 06030.|Castilla Madrid, Cora Amalia |Licenciatura|Económico-financiera| Diputado(a) Federal |Turismo (C. Senadores) |null
http://sil.gobernacion.gob.mx/Archivos/Fotos/9216480.jpg|González Cuevas, Isaías|PRI|igonzalez@senado.gob.mx| 53-45-30-00 Ext: 3283, 5116.|06/07/1940|México|Acolman|Mayoría Relativa|Baja California Sur|29/08/2012|Av. Paseo de la Reforma 135, Hemiciclo Piso 04 Oficina 24, Col. Tabacalera, Del. Cuauhtémoc, Cd. de México, C.P. 06030.|Yuen Santa Ana, Ana Luisa |Secundaria|null| Diputado(a) Federal |Seguridad Social (C. Senadores) |null
http://sil.gobernacion.gob.mx/Archivos/Fotos/9217507.jpg|González Martínez, Jorge Emilio|PVEM| egonzalezm@senado.gob.mx|53-45-30-00 Ext: 3763, 3762.|16/04/1972|Distrito Federal||Mayoría Relativa|Quintana Roo|29/08/2012|Av. Paseo de la Reforma 135, Hemiciclo Piso 03 Oficina 29, Col. Tabacalera, Del. Cuauhtémoc, Cd. de México, C.P. 06030.|Aréchiga Ávila, Jorge |Licenciatura|Administración y contaduría| Diputado(a) Local Diputado(a) Federal Senador(a) |null|null
http://sil.gobernacion.gob.mx/Archivos/Fotos/9217800.jpg|Gracia Guzmán, Raúl|PAN| rgraciag@senado.gob.mx|53-45-30-00 Ext: 3395, 3495, 5440.|20/02/1975|Nuevo León|Monterrey|Primera Minoría|Nuevo León|29/08/2012|Av. Paseo de la Reforma 135, Hemiciclo Piso 06 Oficina 19, Col. Tabacalera, Del. Cuauhtémoc, Cd. de México, C.P. 06030.|Martínez Montemayor, Baltazar |Licenciatura|Derecho| Diputado(a) Federal |Estudios Legislativos, Primera (C. Senadores) |null
http://sil.gobernacion.gob.mx/Archivos/Fotos/9215832.jpg|Guerra Castillo, Marcela|PRI|marcela.guerra@senado.gob.mx|53-45-30-00 Ext: 3157.|07/11/1959|Nuevo León|Monterrey|Mayoría Relativa|Nuevo León|29/08/2012|Av. Paseo de la Reforma 135, Hemiciclo Piso 04 Oficina 25, Col. Tabacalera, Del. Cuauhtémoc, Cd. de México, C.P. 06030.|Salazar Marroquín, Eva Patricia |Licenciatura|Administración y contaduría| Diputado(a) Local Diputado(a) Federal |Relaciones Exteriores, América del Norte (C. Senadores) |null
http://sil.gobernacion.gob.mx/Archivos/Fotos/9217919.jpg|Guevara Espinoza, Ana Gabriela|PT|gguevara@senado.gob.mx|53-45-30-00 Ext: 5339.|04/03/1977|Sonora|Nogales|Representación Proporcional|N/A|29/08/2012|Av. Paseo de la Reforma 135, Hemiciclo Piso 05 Oficina 23, Col. Tabacalera, Del. Cuauhtémoc, Cd. de México, C.P. 06030.|Del Castillo Aguilar, María del Rosario |Pasante/Licenciatura trunca|Comunicación|null|Asuntos Migratorios (C. Senadores) |null
http://sil.gobernacion.gob.mx/Archivos/Fotos/9215532.jpg|Hermosillo y Celada, Víctor|PAN|victor.hermosillo@senado.gob.mx|53-45-30-00 Ext: 3580, 3026, 3027.|28/08/1939|Distrito Federal|México|Mayoría Relativa|Baja California|29/08/2012|Av. Paseo de la Reforma 135, Hemiciclo Piso 06 Oficina 28, Col. Tabacalera, Del. Cuauhtémoc, Cd. de México, C.P. 06030.|Sánchez Vásquez, Gustavo |Licenciatura|Arquitectura y diseño|null|De productividad (C. Senadores) |null
http://sil.gobernacion.gob.mx/Archivos/Fotos/9215572.jpg|Hernández Deras, Ismael Alfredo|PRI|ismaelhdezderas@senado.gob.mx|53-45-30-00 Ext: 3228, 5122.|20/02/1964|Durango|Ciudad del Mezquital|Mayoría Relativa|Durango|29/08/2012|Av. Paseo de la Reforma 135, Hemiciclo Piso 04 Oficina 26, Col. Tabacalera, Del. Cuauhtémoc, Cd. de México, C.P. 06030.|García Barrón, Óscar |Licenciatura|Administración y contaduría| Diputado(a) Local Diputado(a) Federal Senador(a) |Bicamaral de Seguridad Nacional (H. Congreso de la Unión) |null
http://sil.gobernacion.gob.mx/Archivos/Fotos/9217490.jpg|Hernández Lecona, Lisbeth|PRI| lisbeth.hernandez@senado.gob.mx|53-45-30-00 Ext: 3224, 5301.|10/04/1974|Distrito Federal|México|Primera Minoría|Morelos|29/08/2012|Av. Paseo de la Reforma 135, Hemiciclo Piso 04 Oficina 27, Col. Tabacalera, Del. Cuauhtémoc, Cd. de México, C.P. 06030.|López González, Cecilia Verónica |Licenciatura|Derecho|null|Para la atención y seguimiento al caso de la empresa Oceanografía S.A. de C.V. (C. Senadores) |null
http://sil.gobernacion.gob.mx/Archivos/Fotos/9215574.jpg|Herrera Ale, Juana Leticia|PRI|leticia.herrera@senado.gob.mx|53-45-30-00 Ext: 3184, 5303.|08/06/1960|Durango|Gómez Palacio|Mayoría Relativa|Durango|29/08/2012|Av. Paseo de la Reforma 135, Hemiciclo Piso 04 Oficina 28, Col. Tabacalera, Del. Cuauhtémoc, Cd. de México, C.P. 06030.|De la Torre Valdez, Yolanda |Técnico|null| Diputado(a) Local Diputado(a) Federal |Desarrollo Rural (C. Senadores) |null
http://sil.gobernacion.gob.mx/Archivos/Fotos/9215580.jpg|Herrera Anzaldo, Ana Lilia|PRI|analiliaherrera@senado.gob.mx|53-45-30-00 Ext: 3379, 5319.|29/08/1971|Distrito Federal|México|Mayoría Relativa|México|29/08/2012|Av. Paseo de la Reforma 135, Hemiciclo Piso 04 Oficina 29, Col. Tabacalera, Del. Cuauhtémoc, Cd. de México, C.P. 06030.|Marín Moreno, María Lorena |Licenciatura|Comunicación| Diputado(a) Local |Para el desarrollo metropolitano (C. Senadores) |null
http://sil.gobernacion.gob.mx/Archivos/Fotos/9218235.jpg|Herrera Ávila, Fernando|PAN|fernandoh@senado.gob.mx|53-45-30-00 Ext: 3096.|06/08/1968|Tabasco||Mayoría Relativa|Aguascalientes|29/08/2012|Av. Paseo de la Reforma 135, Hemiciclo Piso 06 Oficina 25, Col. Tabacalera, Del. Cuauhtémoc, Cd. de México, C.P. 06030.|González Estrada, Arturo |Licenciatura|Derecho| Diputado(a) Local Diputado(a) Federal |Fomento Económico (C. Senadores) |null
http://sil.gobernacion.gob.mx/Archivos/Fotos/9215895.jpg|Irízar López, Aarón|PRI|aaron.irizar@senado.gob.mx|53-45-30-00 Ext: 3340.|28/02/1950|Sinaloa|Guamúchil|Mayoría Relativa|Sinaloa|29/08/2012|Av. Paseo de la Reforma 135, Hemiciclo Piso 04 Oficina 30, Col. Tabacalera, Del. Cuauhtémoc, Cd. de México, C.P. 06030.|Escobar Manjarrez, Germán |Maestría|Administración y contaduría| Diputado(a) Local Diputado(a) Federal |Recursos Hidráulicos (C. Senadores) |null
http://sil.gobernacion.gob.mx/Archivos/Fotos/9215772.jpg|Juárez Cisneros, René|PRI|rene.juarez@senado.gob.mx|53-45-30-00 Ext: 3346.|08/06/1956|Guerrero|Acapulco|Primera Minoría|Guerrero|29/08/2012|Av. Paseo de la Reforma 135, Hemiciclo Piso 04 Oficina 31, Col. Tabacalera, Del. Cuauhtémoc, Cd. de México, C.P. 06030.|Albarrán Mendoza, Esteban |Licenciatura|Económico-financiera| Diputado(a) Federal |Desarrollo Regional (C. Senadores) |null
http://sil.gobernacion.gob.mx/Archivos/Fotos/9217890.jpg|Larios Córdova, Héctor|PAN|hlarios@senado.gob.mx|53-45-30-00 Ext: 3699, 3374.|22/12/1954|Jalisco|Guadalajara|Representación Proporcional|N/A|29/08/2012|Av. Paseo de la Reforma 135, Hemiciclo Piso 6 Oficina 22, Col. Tabacalera, Del. Cuauhtémoc, Cd. de México, C.P. 06030.|García Corrales, Agustina Eduwiges |Maestría|Administración y contaduría| Diputado(a) Local Diputado(a) Federal Senador(a) |Comercio y Fomento Industrial (C. Senadores) |null
http://sil.gobernacion.gob.mx/Archivos/Fotos/9215540.jpg|Lavalle Maury, Jorge Luis|PAN|jorge.lavalle@senado.gob.mx|53-45-30-00 Ext: 3216.|16/07/1975|Campeche|Campeche|Primera Minoría|Campeche|29/08/2012|Av. Paseo de la Reforma 135, Hemiciclo Piso 6 Oficina 2, Col. Tabacalera, Del. Cuauhtémoc, Cd. de México, C.P. 06030.|Terrazo Blanco, María de los Ángeles |Maestría|Económico-financiera|null|Primera Comisión de Trabajo: Gobernación, Puntos Constitucionales y Justicia (Com. Perm.) |null
http://sil.gobernacion.gob.mx/Archivos/Fotos/9215899.jpg|López Brito, Francisco Salvador|PAN|flopez.brito@pan.senado.gob.mx|53-45-30-00 Ext: 3106, 5168.|04/10/1949|Sinaloa||Primera Minoría|Sinaloa|29/08/2012|Av. Paseo de la Reforma 135, Hemiciclo Piso 6 Oficina 4, Col. Tabacalera, Del. Cuauhtémoc, Cd. de México, C.P. 06030.|Frank Aguilar, Celia Catalina |Maestría|Ciencias de la salud| Diputado(a) Local Diputado(a) Federal |Pesca y Acuacultura (C. Senadores) |null
http://sil.gobernacion.gob.mx/Archivos/Fotos/9218048.jpg|López Hernández, Adán Augusto|PRD|adanaugusto@senado.gob.mx| 53-45-30-00 Ext.: 3134, 3308.|24/09/1963|Tabasco|Paraíso|Mayoría Relativa|Tabasco|29/08/2012|Av. Paseo de la Reforma 135, Hemiciclo Piso 3 Oficina 21, Col. Tabacalera, Del. Cuauhtémoc, Cd. de México, C.P. 06030.|Merino Campos, Carlos Manuel |Maestría|Ciencias políticas y sociales| Diputado(a) Local Diputado(a) Federal |Población y Desarrollo (C. Senadores) |null
http://sil.gobernacion.gob.mx/Archivos/Fotos/9215856.jpg|Lozano Alarcón, Javier|PAN|javierlozano@senado.gob.mx|53-45-30-00 Ext: 3219.|21/11/1962|Puebla|Puebla|Primera Minoría|Puebla|29/08/2012|Av. Paseo de la Reforma 135, Hemiciclo Piso 6 Oficina 24, Col. Tabacalera, Del. Cuauhtémoc, Cd. de México, C.P. 06030.|Leal Islas, Irma Patricia |Licenciatura|Derecho|null|Comunicaciones y Transportes (C. Senadores) |null
http://sil.gobernacion.gob.mx/Archivos/Fotos/9215564.jpg|Martínez García, Patricio|PRI|patricio@senado.gob.mx|53-45-30-00 Ext: 3552.|17/03/1948|Chihuahua|Chihuahua|Mayoría Relativa|Chihuahua|29/08/2012|Av. Paseo de la Reforma 135, Hemiciclo Piso 4 Oficina 32, Col. Tabacalera, Del. Cuauhtémoc, Cd. de México, C.P. 06030.|Beltrán Montes, Israel |Licenciatura|Administración y contaduría| Diputado(a) Federal |Comité para el Fomento de la Competitividad (C. Senadores) |null
http://sil.gobernacion.gob.mx/Archivos/Fotos/9215794.jpg|Martínez Martínez, José María|PAN|josemariamartinez@senado.gob.mx|53-45-30-00 Ext: 3472.|09/06/1972|Jalisco|Valle de Guadalupe|Primera Minoría|Jalisco|29/08/2012|Av. Paseo de la Reforma 135, Hemiciclo Piso 6 Oficina 18, Col. Tabacalera, Del. Cuauhtémoc, Cd. de México, C.P. 06030.|Hernández Lozano, Juana Elvira |Licenciatura|Derecho| Diputado(a) Local |Familia y Desarrollo Humano (C. Senadores) |null
http://sil.gobernacion.gob.mx/Archivos/Fotos/9218050.jpg|Mayans Canabal, Fernando Enrique|PRD|fmayans@senado.gob.mx|53-45-30-00 Ext.: 3194, 5290.|05/04/1963|||Mayoría Relativa|Tabasco|29/08/2012|Av. Paseo de la Reforma 135, Hemiciclo Piso 3 Oficina 5, Col. Tabacalera, Del. Cuauhtémoc, Cd. de México, C.P. 06030.|Morales Romero, Mario Enrique |Licenciatura|Ciencias de la salud| Diputado(a) Local Diputado(a) Federal |Seguridad Social (C. Senadores) |null
http://sil.gobernacion.gob.mx/Archivos/Fotos/9215562.jpg|Melgar Bravo, Luis Armando|PVEM|lamelgar@senado.gob.mx| 53-45-30-00 Ext: 5434, 5435.|21/08/1966|Chiapas|Tapachula|Mayoría Relativa|Chiapas|29/08/2012|Av. Paseo de la Reforma 135, Hemiciclo Piso 3 Oficina 26, Col. Tabacalera, Del. Cuauhtémoc, Cd. de México, C.P. 06030.|Gómez Aranda, Juan Carlos |Maestría|Derecho|null|De productividad (C. Senadores) |null
http://sil.gobernacion.gob.mx/Archivos/Fotos/9215526.jpg|Mendoza Davis, Carlos|PAN|cmendozadavis@senado.gob.mx|53-45-30-00 Ext: 3082, 3081, 3570.|21/04/1969|Distrito Federal|Miguel Hidalgo|Primera Minoría|Baja California Sur|29/08/2012|Av. Paseo de la Reforma 135, Hemiciclo Piso 6 Oficina 32, Col. Tabacalera, Del. Cuauhtémoc, Cd. de México, C.P. 06030.|Fernández Sánchez Navarro, Juan Alejandro |Maestría|Ciencias políticas y sociales|null|Hacienda y Crédito Público (C. Senadores) |null
http://sil.gobernacion.gob.mx/Archivos/Fotos/9215891.jpg|Mendoza Díaz, Sonia|PAN|sonia.mendoza@senado.gob.mx|53-45-30-00 Ext: 3403.|22/02/1969|San Luis Potosí||Mayoría Relativa|San Luis Potosí|29/08/2012|Av. Paseo de la Reforma 135, Hemiciclo Piso 5 Oficina 30, Col. Tabacalera, Del. Cuauhtémoc, Cd. de México, C.P. 06030.|Montes Colunga, Vianey |Licenciatura|Derecho| Diputado(a) Local Diputado(a) Federal |Estudios Legislativos, Primera (C. Senadores) |null
http://sil.gobernacion.gob.mx/Archivos/Fotos/9217915.jpg|Mendoza Mendoza, Iris Vianey|PRD|imendozam@senado.gob.mx|53-45-30-00 Ext.: 3253, 5161.|26/08/1981|Michoacán|Apatzingán|Representación Proporcional|N/A|29/08/2012|Av. Paseo de la Reforma 135, Hemiciclo Piso 3 Oficina 14, Col. Tabacalera, Del. Cuauhtémoc, Cd. de México, C.P. 06030.|Corral Arriaga, Olivia |Licenciatura|Derecho|null|Comunicaciones y Transportes (C. Senadores) |null
http://sil.gobernacion.gob.mx/Archivos/Fotos/9215566.jpg|Merodio Reza, Lilia Guadalupe|PRI|lilia.merodio@senado.gob.mx|53-45-30-00 Ext: 3046, 5309.|19/09/1978|Chihuahua||Mayoría Relativa|Chihuahua|29/08/2012|Av. Paseo de la Reforma 135, Hemiciclo Piso 5 Oficina 17, Col. Tabacalera, Del. Cuauhtémoc, Cd. de México, C.P. 06030.|Terrazas Porras, Adriana |Licenciatura|Administración y contaduría| Diputado(a) Federal |Juventud y Deporte (C. Senadores) |null
http://sil.gobernacion.gob.mx/Archivos/Fotos/9218061.jpg|Monreal Ávila, David|PT|david.monreal@senado.gob.mx|53-45-30-00 Ext: 3054.|22/03/1966|Zacatecas|Fresnillo|Primera Minoría|Zacatecas|29/08/2012|Av. Paseo de la Reforma 135, Hemiciclo Piso 05 Oficina 24, Col. Tabacalera, Del. Cuauhtémoc, Cd. de México, C.P. 06030.|Menchaca Medrano, Héctor Adrián |Licenciatura|Derecho|null|Jurisdiccional (C. Senadores) |null
http://sil.gobernacion.gob.mx/Archivos/Fotos/9218040.jpg|Morón Orozco, Raúl|PRD|rmoron@senado.gob.mx|53-45-30-00 Ext.: 3203, 5143, 5225.|25/10/1958|Michoacán|Chucándiro|Primera Minoría|Michoacán|29/08/2012|Av. Paseo de la Reforma 135, Hemiciclo Piso 03 Oficina 13, Col. Tabacalera, Del. Cuauhtémoc, Cd. de México, C.P. 06030.|Borreguín González, Luciano |Licenciatura|Ciencias de la educación| Diputado(a) Local |De desarrollo del litoral del pacífico (C. Senadores) |null
http://sil.gobernacion.gob.mx/Archivos/Fotos/9217601.jpg|Neyra Chávez, Armando|PRI|aneyra@senado.gob.mx|53-45-30-00 Ext: 3088, 3567.|18/02/1937|México|Toluca|Representación Proporcional|N/A|29/08/2012|Av. Paseo de la Reforma 135, Hemiciclo Piso 5 Oficina 2, Col. Tabacalera, Del. Cuauhtémoc, Cd. de México, C.P. 06030.|Carazo Preciado, José Luis |Primaria|null| Diputado(a) Local Diputado(a) Federal |Distrito Federal (C. Senadores) |null
http://sil.gobernacion.gob.mx/Archivos/Fotos/9217406.jpg|Oramas Vargas, Arquímedes|PRI|null|53-45-30-00 Ext: 3473.|N/A|Tabasco||Primera Minoría|Tabasco|17/07/2014|Av. Paseo de la Reforma 135, Hemiciclo Piso 3 Oficina 31, Col. Tabacalera, Del. Cuauhtémoc, Cd. de México, C.P. 06030.|null|Doctorado|Humanidades|null|null|Senador Humberto Domingo Mayans Canabal 
http://sil.gobernacion.gob.mx/Archivos/Fotos/9215802.jpg|Orihuela Bárcenas, José Ascención|PRI|jose.orihuela@senado.gob.mx|53-45-30-00 Ext: 3320, 3605.|19/03/1952|Michoacán|Zitácuaro|Mayoría Relativa|Michoacán|29/08/2012|Av. Paseo de la Reforma 135, Hemiciclo Piso 5 Oficina 3, Col. Tabacalera, Del. Cuauhtémoc, Cd. de México, C.P. 06030.|Trujillo Íñiguez, Agustín |Licenciatura|Ingeniería| Diputado(a) Local Diputado(a) Federal Senador(a) |Fomento Económico (C. Senadores) |null
http://sil.gobernacion.gob.mx/Archivos/Fotos/9218234.jpg|Orozco Sandoval, Martín|PAN|morozco@senado.gob.mx| 53-45-30-00 Ext: 3328.|25/06/1967|Jalisco|Santa María de los Ángeles|Mayoría Relativa|Aguascalientes|29/08/2012|Av. Paseo de la Reforma 135, Hemiciclo Piso 6 Oficina 9, Col. Tabacalera, Del. Cuauhtémoc, Cd. de México, C.P. 06030.|Santana García, José de Jesús |Licenciatura|Administración y contaduría| Diputado(a) Local |Federalismo (C. Senadores) |null
http://sil.gobernacion.gob.mx/Archivos/Fotos/9217887.jpg|Ortega Martínez, Ma. del Pilar|PAN|pilar.ortega@pan.senado.gob.mx|53-45-30-00 Ext: 3024, 5174.|29/06/1968|||Representación Proporcional|N/A|09/10/2012|Av. Paseo de la Reforma 135, Hemiciclo Piso 6 Oficina 12, Col. Tabacalera, Del. Cuauhtémoc, Cd. de México, C.P. 06030|null|Maestría|Administración y contaduría| Diputado(a) Federal |Estudios Legislativos, Segunda (C. Senadores) |Senador Alonso José Ricardo Lujambio Irazábal 
http://sil.gobernacion.gob.mx/Archivos/Fotos/9215947.jpg|Ortiz Domínguez, Maki Esther|PAN|maki.ortiz@senado.gob.mx|53-45-30-00 Ext: 5440, 3093.|23/09/1962|Tamaulipas|Reynosa|Mayoría Relativa|Tamaulipas|29/08/2012|Av. Paseo de la Reforma 135, Hemiciclo Piso 6 Oficina 17, Col. Tabacalera, Del. Cuauhtémoc, Cd. de México, C.P. 06030.|García García, Andrea |Maestría|Ciencias de la salud| Diputado(a) Federal |Salud (C. Senadores) |null
http://sil.gobernacion.gob.mx/Archivos/Fotos/9217607.jpg|Ortiz González, Graciela|PRI|graciela.ortiz@senado.gob.mx|53-45-30-00 Ext: 3497, 5203.|29/11/1954|Chihuahua|Chihuahua|Representación Proporcional|N/A|29/08/2012|Av. Paseo de la Reforma 135, Hemiciclo Piso 5 Oficina 4, Col. Tabacalera, Del. Cuauhtémoc, Cd. de México, C.P. 06030.|Zapata Lucero, Ana Georgina |Licenciatura|Derecho| Diputado(a) Local Diputado(a) Federal |Estudios Legislativos (C. Senadores) |null
http://sil.gobernacion.gob.mx/Archivos/Fotos/9217911.jpg|Padierna Luna, María de los Dolores|PRD|dolorespadiernaluna@senado.gob.mx| 53-45-30-00 Ext.: 3545, 5196.|08/05/1958|Guanajuato|Dolores Hidalgo|Representación Proporcional|N/A|29/08/2012|Av. Paseo de la Reforma 135, Hemiciclo Piso 3 Oficina 4, Col. Tabacalera, Del. Cuauhtémoc, Cd. de México, C.P. 06030.|Ferrer del Río, Emma del Pilar |Licenciatura|Económico-financiera| Diputado(a) Local Diputado(a) Federal |Para la atención y seguimiento al caso de la empresa Oceanografía S.A. de C.V. (C. Senadores) |null
http://sil.gobernacion.gob.mx/Archivos/Fotos/9218101.jpg|Palafox Gutiérrez, Martha|PT|martha.palafox@senado.gob.mx|53-45-30-00 Ext: 3113.|23/02/1949|Tlaxcala|Huamantla|Mayoría Relativa|Tlaxcala|29/08/2012|Av. Paseo de la Reforma 135, Hemiciclo Piso 05 Oficina 25, Col. Tabacalera, Del. Cuauhtémoc, Cd. de México, C.P. 06030.|González Rodríguez, María de los Ángeles Verónica |Doctorado|Derecho| Diputado(a) Federal |Agricultura y Ganadería (C. Senadores) |null
http://sil.gobernacion.gob.mx/Archivos/Fotos/9215901.jpg|Pavlovich Arellano, Claudia Artemiza|PRI|claudiapavlovich@senado.gob.mx|53-45-30-00 Ext: 3003, 3576.|17/06/1969|Sonora|Magdalena de Kino|Mayoría Relativa|Sonora|29/08/2012|Av. Paseo de la Reforma 135, Hemiciclo Piso 5 Oficina 5, Col. Tabacalera, Del. Cuauhtémoc, Cd. de México, C.P. 06030.|Acosta Islas, Anabel |Licenciatura|Derecho| Diputado(a) Local |Comunicaciones y Transportes (C. Senadores) |null
http://sil.gobernacion.gob.mx/Archivos/Fotos/9218080.jpg|Pedraza Chávez, Isidro|PRD|isidro.pedraza@senado.gob.mx| 53-45-30-00 Ext.: 3111, 5300.|15/05/1959|Hidalgo|Jacala de Ledezma|Primera Minoría|Hidalgo|29/08/2012|Av. Paseo de la Reforma 135, Hemiciclo Piso 3 Oficina 15, Col. Tabacalera, Del. Cuauhtémoc, Cd. de México, C.P. 06030.|Aparicio Barrios, Arturo |Licenciatura|Ciencias de la educación| Diputado(a) Local Diputado(a) Federal |Autosuficiencia Alimentaria (C. Senadores) |null
http://sil.gobernacion.gob.mx/Archivos/Fotos/9215893.jpg|Pedroza Gaitán, César Octavio|PAN|octavio.pedroza@senado.gob.mx|53-45-30-00 Ext: 3042.|20/05/1959|San Luis Potosí|San Luis Potosí|Mayoría Relativa|San Luis Potosí|29/08/2012|Av. Paseo de la Reforma 135, Hemiciclo Piso 6 Oficina 11, Col. Tabacalera, Del. Cuauhtémoc, Cd. de México, C.P. 06030.|Paz Zúñiga, Jacinto |Maestría|Administración y contaduría| Diputado(a) Federal |Desarrollo Municipal (C. Senadores) |null
http://sil.gobernacion.gob.mx/Archivos/Fotos/9215780.jpg|Penchyna Grub, David|PRI|dpenchyna@senado.gob.mx|53-45-30-00 Ext: 3166, 3565.|10/03/1965|Hidalgo|Pachuca|Mayoría Relativa|Hidalgo|29/08/2012|Av. Paseo de la Reforma 135, Hemiciclo Piso 5 Oficina 6, Col. Tabacalera, Del. Cuauhtémoc, Cd. de México, C.P. 06030.|Dorantes Martínez, Carmen |Licenciatura|Derecho| Diputado(a) Federal |Energía (C. Senadores) |null
http://sil.gobernacion.gob.mx/Archivos/Fotos/9215836.jpg|Pérez Magaña, Eviel|PRI|eviel.perez@senado.gob.mx|53-45-30-00 Ext: 3045, 5068.|06/04/1963|Oaxaca|Tuxtepec|Primera Minoría|Oaxaca|29/08/2012|Av. Paseo de la Reforma 135, Hemiciclo Piso 5 Oficina 7, Col. Tabacalera, Del. Cuauhtémoc, Cd. de México, C.P. 06030.|Toledo Luis, Jorge |Licenciatura|Administración y contaduría| Diputado(a) Federal |Asuntos Indígenas (C. Senadores) |null
http://sil.gobernacion.gob.mx/Archivos/Fotos/9215804.jpg|Pineda Gochi, María del Rocío|PRI|rocio.pineda@senado.gob.mx|53-45-30-00 Ext: 3087, 5332.|08/09/1955|Michoacán|Zacapu|Mayoría Relativa|Michoacán|29/08/2012|Av. Paseo de la Reforma 135, Hemiciclo Piso 5 Oficina 8, Col. Tabacalera, Del. Cuauhtémoc, Cd. de México, C.P. 06030.|Cano Higuera, Teresita Isabel |Maestría|Administración y contaduría|null|Relaciones Exteriores, América Latina y el Caribe (C. Senadores) |null
http://sil.gobernacion.gob.mx/Archivos/Fotos/9215536.jpg|Pozos Lanz, Raúl Aarón|PRI|rpozos@senado.gob.mx|53-45-30-00 Ext: 3490, 5205.|30/06/1967|||Mayoría Relativa|Campeche|29/08/2012|Av. Paseo de la Reforma 135, Hemiciclo Piso 5 Oficina 9, Col. Tabacalera, Del. Cuauhtémoc, Cd. de México, C.P. 06030.|. Cuevas, Sonia Jaqueline |Maestría|Ciencias políticas y sociales| Diputado(a) Local |Administración (C. Senadores) |null
http://sil.gobernacion.gob.mx/Archivos/Fotos/9215556.jpg|Preciado Rodríguez, Jorge Luis|PAN| jpreciado@senado.gob.mx|53-45-30-00 Ext: 3029, 3030.|09/08/1972|Colima|Coquimatlán|Primera Minoría|Colima|29/08/2012|Av. Paseo de la Reforma 135, Hemiciclo Piso 6 Oficina 15, Col. Tabacalera, Del. Cuauhtémoc, Cd. de México, C.P. 06030.|Cobián Chávez, Irma Zulema |Licenciatura|Derecho| Diputado(a) Local Diputado(a) Federal |Primera Comisión de Trabajo: Gobernación, Puntos Constitucionales y Justicia (Com. Perm.) |null
http://sil.gobernacion.gob.mx/Archivos/Fotos/9218057.jpg|Puente Salas, Carlos Alberto|PVEM|carlospuente@senado.gob.mx|53-45-30-00 Ext: 3563, 4116, 4115.|16/12/1971|Aguascalientes|Aguascalientes|Mayoría Relativa|Zacatecas|29/08/2012|Av. Paseo de la Reforma 135, Hemiciclo Piso 03 Oficina 24, Col. Tabacalera, Del. Cuauhtémoc, Cd. de México, C.P. 06030.|Rangel Frausto, Octavio |Preparatoria|null| Diputado(a) Federal |Juventud y Deporte (C. Senadores) |null
http://sil.gobernacion.gob.mx/Archivos/Fotos/9218036.jpg|Ramírez Hernández, Socorro Sofío|PRD|sofioramirez@senado.gob.mx|53-45-30-00 Ext.: 3133, 5269.|27/06/1967|Guerrero|Tlalixtaquilla|Mayoría Relativa|Guerrero|29/08/2012|Av. Paseo de la Reforma 135, Hemiciclo Piso 3 Oficina 10, Col. Tabacalera, Del. Cuauhtémoc, Cd. de México, C.P. 06030.|Medrano Baza, Misael |Licenciatura|Derecho| Diputado(a) Local Diputado(a) Federal |De zonas marginadas (C. Senadores) |null
http://sil.gobernacion.gob.mx/Archivos/Fotos/9217970.jpg|Ríos de la Mora, Itzel Sarahí|PRI|itzel.rios@senado.gob.mx|53-45-30-00 Ext: 5437, 5436.|31/08/1978|Colima|Tecomán|Mayoría Relativa|Colima|29/08/2012|Av. Paseo de la Reforma 135, Hemiciclo Piso 03 Oficina 27, Col. Tabacalera, Del. Cuauhtémoc, Cd. de México, C.P. 06030.|Galindo Matías, Norma Alicia |Maestría|Ciencias políticas y sociales| Diputado(a) Local |De rescate y gestión de la mexicanidad (C. Senadores) |null
http://sil.gobernacion.gob.mx/Archivos/Fotos/9218034.jpg|Ríos Piter, Armando|PRD|armando.rios@senado.gob.mx|53-45-30-00 Ext.: 3272.|21/02/1973|Guerrero|Tecpan de Galeana|Mayoría Relativa|Guerrero|29/08/2012|Av. Paseo de la Reforma 135, Hemiciclo Piso 3 Oficina 17, Col. Tabacalera, Del. Cuauhtémoc, Cd. de México, C.P. 06030.|Cesareo Guzmán, Celestino |Maestría|Ciencias políticas y sociales| Diputado(a) Federal |Comercio y Fomento Industrial (C. Senadores) |null
http://sil.gobernacion.gob.mx/Archivos/Fotos/9218025.jpg|Robledo Aburto, Zoe Alejandro|PRD|zoerobledo@senado.gob.mx|53-45-30-00 Ext.: 3273, 5198.|09/01/1979|Chiapas|Tuxtla Gutiérrez|Primera Minoría|Chiapas|29/08/2012|Av. Paseo de la Reforma 135, Hemiciclo Piso 3 Oficina 18, Col. Tabacalera, Del. Cuauhtémoc, Cd. de México, C.P. 06030.|Esquinca Cano, Froilán |Licenciatura|Ciencias políticas y sociales| Diputado(a) Local |Biblioteca y Asuntos Editoriales (C. Senadores) |null
http://sil.gobernacion.gob.mx/Archivos/Fotos/9218090.jpg|Robles Montoya, Ángel Benjamín|PRD|benjaminrobles@senado.gob.mx| 53-45-30-00 Ext.: 3118, 3117, 5132.|08/11/1959|Oaxaca|Matías Romero|Mayoría Relativa|Oaxaca|29/08/2012|Av. Paseo de la Reforma 135, Hemiciclo Piso 3 Oficina 1, Col. Tabacalera, Del. Cuauhtémoc, Cd. de México, C.P. 06030.|Hernández Ruiz, Félix Benjamín |Licenciatura|Económico-financiera| Diputado(a) Local |Sur – sureste (C. Senadores) |null
http://sil.gobernacion.gob.mx/Archivos/Fotos/9217888.jpg|Rojas Hernández, Laura Angélica|PAN| laura.rojas@senado.gob.mx|53-45-30-00 Ext: 5250, 3808, 3092.|26/12/1975|Distrito Federal|Azcapotzalco|Representación Proporcional|N/A|29/08/2012|Av. Paseo de la Reforma 135, Hemiciclo Piso 5 Oficina 29, Col. Tabacalera, Del. Cuauhtémoc, Cd. de México, C.P. 06030.|Cortés Álvarez, Adriana |Licenciatura|Ciencias políticas y sociales| Diputado(a) Federal |Relaciones Exteriores, Organismos Internacionales (C. Senadores) |null
http://sil.gobernacion.gob.mx/Archivos/Fotos/9217382.jpg|Romero Celis, Mely|PRI|mely.romero@senado.gob.mx|53-45-30-00 Ext: 5349, 3481.|12/09/1977|Colima|Cuauhtémoc|Mayoría Relativa|Colima|29/08/2012|Av. Paseo de la Reforma 135, Hemiciclo Piso 5 Oficina 10, Col. Tabacalera, Del. Cuauhtémoc, Cd. de México, C.P. 06030.|Ceballos Llerenas, Hilda |Maestría|Ciencias de la educación| Diputado(a) Local |Desarrollo Municipal (C. Senadores) |null
http://sil.gobernacion.gob.mx/Archivos/Fotos/9217609.jpg|Romero Deschamps, Carlos Antonio|PRI|carlos.romero@senado.gob.mx|53-45-30-00 Ext: 5442, 3028.|17/01/1944|Tamaulipas|Tampico|Representación Proporcional|N/A|29/08/2012|Av. Paseo de la Reforma 135, Hemiciclo Piso 5 Oficina 11, Col. Tabacalera, Del. Cuauhtémoc, Cd. de México, C.P. 06030.|Serrano Escobar, Enrique |Licenciatura|Administración y contaduría| Diputado(a) Federal Senador(a) |Defensa Nacional (C. Senadores) |null
http://sil.gobernacion.gob.mx/Archivos/Fotos/9215588.jpg|Romero Hicks, Juan Carlos|PAN|romero.hicks@senado.gob.mx|53-45-30-00 Ext: 3301, 5360, 5218.|10/12/1955|Guanajuato|Guanajuato|Mayoría Relativa|Guanajuato|29/08/2012|Av. Paseo de la Reforma 135, Hemiciclo Piso 6 Oficina 21, Col. Tabacalera, Del. Cuauhtémoc, Cd. de México, C.P. 06030.|Villegas Nava, Leticia |Maestría|Administración y contaduría|null|Educación (C. Senadores) |null
http://sil.gobernacion.gob.mx/Archivos/Fotos/9218229.jpg|Romero Lainas, Adolfo|PRD|adolfo.romero@senado.gob.mx| 53-45-30-00 Ext.: 3251, 5228.|12/10/1958|Oaxaca|Tuxtepec|Mayoría Relativa|Oaxaca|29/08/2012|Av. Paseo de la Reforma 135, Hemiciclo Piso 3 Oficina 20, Col. Tabacalera, Del. Cuauhtémoc, Cd. de México, C.P. 06030.|Velasco Román, Silverio de Jesús |Licenciatura|Ciencias de la salud|null|Bicamaral del Sistema de Bibliotecas del Congreso de la Unión (H. Congreso de la Unión) |null
http://sil.gobernacion.gob.mx/Archivos/Fotos/9218233.jpg|Romo Medina, Miguel|PRI|miguel.romo@senado.gob.mx|53-45-30-00 Ext: 3463, 5206.|19/01/1949|Aguascalientes|Aguascalientes|Primera Minoría|Aguascalientes|29/08/2012|Av. Paseo de la Reforma 135, Hemiciclo Piso 5 Oficina 12, Col. Tabacalera, Del. Cuauhtémoc, Cd. de México, C.P. 06030.|Rocha Álvarez, Jesús Eduardo |Licenciatura|Derecho| Diputado(a) Local |Justicia (C. Senadores) |null
http://sil.gobernacion.gob.mx/Archivos/Fotos/9215538.jpg|Rosas González, Óscar Román|PRI|oscarrosas@senado.gob.mx|53-45-30-00 Ext: 5448, 3501.|14/09/1968|Campeche|Ciudad del Carmen|Mayoría Relativa|Campeche|29/08/2012|Av. Paseo de la Reforma 135, Hemiciclo Piso 5 Oficina 13, Col. Tabacalera, Del. Cuauhtémoc, Cd. de México, C.P. 06030.|Salinas Balam, Víctor |Doctorado|Ciencias políticas y sociales| Diputado(a) Local Diputado(a) Federal |Ciencia y Tecnología (C. Senadores) |null
http://sil.gobernacion.gob.mx/Archivos/Fotos/9215524.jpg|Ruffo Appel, Ernesto|PAN|ernesto.ruffo@senado.gob.mx|53-45-30-00 Ext: 5217, 5359, 3628.|25/07/1952|||Mayoría Relativa|Baja California|29/08/2012|Av. Paseo de la Reforma 135, Hemiciclo Piso 6 Oficina 21, Col. Tabacalera, Del. Cuauhtémoc, Cd. de México, C.P. 06030.|Lutteroth del Riego, Héctor Askan |Licenciatura|Administración y contaduría|null|Asuntos Fronterizos Norte (C. Senadores) |null
http://sil.gobernacion.gob.mx/Archivos/Fotos/9215548.jpg|Salazar Fernández, Luis Fernando|PAN| lfsalazar@senado.gob.mx|53-45-30-00 Ext: 3031.|18/11/1977|Coahuila|Torreón|Mayoría Relativa|Coahuila|29/08/2012|Av. Paseo de la Reforma 135, Hemiciclo Piso 6 Oficina 7, Col. Tabacalera, Del. Cuauhtémoc, Cd. de México, C.P. 06030.|Herrera Guajardo, Laura Guadalupe |Licenciatura|Derecho| Diputado(a) Local |Desarrollo Social (C. Senadores) |null
http://sil.gobernacion.gob.mx/Archivos/Fotos/9218084.jpg|Salazar Solorio, Rabindranath|PRD|rabindranath.salazar@senado.gob.mx|53-45-30-00 Ext.: 3123, 3124, 3554.|02/06/1968|Morelos|Jiutepec|Mayoría Relativa|Morelos|29/08/2012|Av. Paseo de la Reforma 135, Hemiciclo Piso 3 Oficina 11, Col. Tabacalera, Del. Cuauhtémoc, Cd. de México, C.P. 06030.|Lucía Espejo, Miguel Enrique |Licenciatura|Administración y contaduría| Diputado(a) Local |Relaciones Exteriores, Europa (C. Senadores) |null
http://sil.gobernacion.gob.mx/Archivos/Fotos/9217082.jpg|Saldaña Pérez, María Lucero|PRI|lucero.saldana@senado.gob.mx|53-45-30-00 Ext: 3588, 3141.|18/01/1957|Puebla|Puebla|Mayoría Relativa|Puebla|29/08/2012|Av. Paseo de la Reforma 135, Hemiciclo Piso 5 Oficina 14, Col. Tabacalera, Del. Cuauhtémoc, Cd. de México, C.P. 06030.|Ronquillo Onofre, Minerva |Doctorado|Derecho| Diputado(a) Local Diputado(a) Federal Senador(a) |Relaciones Exteriores, Organizaciones No Gubernamentales (C. Senadores) |null
http://sil.gobernacion.gob.mx/Archivos/Fotos/9217927.jpg|Salinas Sada, Ninfa Clara|PVEM|ninfa.salinas@senado.gob.mx|53-45-30-00 Ext: 3151.|01/05/1980|Distrito Federal||Representación Proporcional|N/A|29/08/2012|Av. Paseo de la Reforma 135, Hemiciclo Piso Oficina , Col. Tabacalera, Del. Cuauhtémoc, Cd. de México, C.P. 06030.|Arzaluz Alonso, Alma Lucía |Licenciatura|Comunicación| Diputado(a) Federal |Medio Ambiente y Recursos Naturales (C. Senadores) |null
http://sil.gobernacion.gob.mx/Archivos/Fotos/9217605.jpg|Sánchez García, Gerardo|PRI|gerardo.sanchez@senado.gob.mx|53-45-30-00 Ext: 3380, 3922.|01/10/1960|Guanajuato|Salvatierra|Representación Proporcional|N/A|29/08/2012|Av. Paseo de la Reforma 135, Hemiciclo Piso 5 Oficina 15, Col. Tabacalera, Del. Cuauhtémoc, Cd. de México, C.P. 06030.|Galicia Ávila, Víctor Manuel Anastasio |Doctorado|Derecho| Diputado(a) Federal |Agricultura y Ganadería (C. Senadores) |null
http://sil.gobernacion.gob.mx/Archivos/Fotos/9217909.jpg|Sánchez Jiménez, Venancio Luis|PRD|luis.sanchez@senado.gob.mx|53-45-30-00 Ext.: 3834, 3965, 3407.|18/05/1962|México||Representación Proporcional|N/A|29/08/2012|Av. Paseo de la Reforma 135, Hemiciclo Piso 3 Oficina 22, Col. Tabacalera, Del. Cuauhtémoc, Cd. de México, C.P. 06030.|Islas Ramos, Rodolfo Rubén |Pasante/Licenciatura trunca|Económico-financiera| Diputado(a) Federal |null|null
http://sil.gobernacion.gob.mx/Archivos/Fotos/9217939.jpg|Sansores San Román, Layda Elena|PT|layda.sansores@senado.gob.mx|53-45-30-00 Ext.: 3254, 5160, 5165.|07/08/1945|Campeche|Campeche|Representación Proporcional|N/A|29/08/2012|Av. Paseo de la Reforma 135, Hemiciclo Piso 3 Oficina 23, Col. Tabacalera, Del. Cuauhtémoc, Cd. de México, C.P. 06030.|Ojesto Martínez Porcayo, María del Carmen |Maestría|Ciencias de la salud| Diputado(a) Federal Senador(a) |Asuntos Fronterizos Sur (C. Senadores) |null
http://sil.gobernacion.gob.mx/Archivos/Fotos/9216284.jpg|Tello Cristerna, Alejandro|PRI|alejandro.telloc@senado.gob.mx|53-45-30-00 Ext: 5210, 3434.|30/05/1971|Zacatecas||Mayoría Relativa|Zacatecas|29/08/2012|Av. Paseo de la Reforma 135, Hemiciclo Piso 5 Oficina 16, Col. Tabacalera, Del. Cuauhtémoc, Cd. de México, C.P. 06030.|Olvera Acevedo, José Marco Antonio |Licenciatura|Administración y contaduría|null|Ciencia y Tecnología (C. Senadores) |null
http://sil.gobernacion.gob.mx/Archivos/Fotos/9215885.jpg|Torres Corzo, Teófilo|PRI|teofilo.torres@senado.gob.mx|53-45-30-00 Ext: 3097, 3080.|09/08/1946|San Luis Potosí|San Luis Potosí|Primera Minoría|San Luis Potosí|29/08/2012|Av. Paseo de la Reforma 135, Hemiciclo Piso 5 Oficina 01, Col. Tabacalera, Del. Cuauhtémoc, Cd. de México, C.P. 06030.|Leal Tovías, Alejandro |Maestría|Administración y contaduría| Diputado(a) Local Diputado(a) Federal |Relaciones Exteriores, Asia-Pacífico (C. Senadores) |null
http://sil.gobernacion.gob.mx/Archivos/Fotos/9215586.jpg|Torres Graciano, Fernando|PAN|torresgraciano@senado.gob.mx|53-45-30-00 Ext: 3424, 5243.|27/08/1970|Guanajuato|León|Mayoría Relativa|Guanajuato|29/08/2012|Av. Paseo de la Reforma 135, Hemiciclo Piso 5 Oficina 31, Col. Tabacalera, Del. Cuauhtémoc, Cd. de México, C.P. 06030.|Rodríguez Vizcarra Velázquez, Adriana |Maestría|Derecho| Diputado(a) Local |Estudios Legislativos (C. Senadores) |null
http://sil.gobernacion.gob.mx/Archivos/Fotos/9217808.jpg|Torres Peimbert, María Marcela|PAN| marcela.torres@senado.gob.mx|53-45-30-00 Ext: 5261.|07/10/1961|Distrito Federal||Mayoría Relativa|Querétaro|29/08/2012|Av. Paseo de la Reforma 135, Hemiciclo Piso 6 Oficina 14, Col. Tabacalera, Del. Cuauhtémoc, Cd. de México, C.P. 06030.|Montes Hernández, Lorena |Maestría|Ciencias de la salud| Diputado(a) Federal |Anticorrupción y Participación Ciudadana (C. Senadores) |null
http://sil.gobernacion.gob.mx/Archivos/Fotos/9217882.jpg|Vega Casillas, Salvador|PAN|salvador.vega@pan.senado.gob.mx|53-45-30-00 Ext: 3323, 3322.|18/08/1961|Michoacán|Apatzingán|Representación Proporcional|N/A|29/08/2012|Av. Paseo de la Reforma 135, Hemiciclo Piso 6 Oficina 20, Col. Tabacalera, Del. Cuauhtémoc, Cd. de México, C.P. 06030.|Martínez Medina, Yolanda |Maestría|Administración y contaduría| Diputado(a) Local Diputado(a) Federal |Comité de Garantía de Acceso y Transparencia de la Información del Senado de la República (C. Senadores) |null
http://sil.gobernacion.gob.mx/Archivos/Fotos/9216278.jpg|Yunes Landa, Héctor|PRI|hector.yunes@senado.gob.mx|53-45-30-00 Ext: 3973, 3053.|27/09/1958|Veracruz|Soledad Doblado|Mayoría Relativa|Veracruz|29/08/2012|Av. Paseo de la Reforma 135, Hemiciclo Piso 5 Oficina 19, Col. Tabacalera, Del. Cuauhtémoc, Cd. de México, C.P. 06030.|Ayala Ríos, Erika |Maestría|Derecho| Diputado(a) Local Diputado(a) Federal |Protección Civil (C. Senadores) |null
http://sil.gobernacion.gob.mx/Archivos/Fotos/9216264.jpg|Yunes Márquez, Fernando|PAN|fernandoyunes@senado.gob.mx|53-45-30-00 Ext: 3325, 5458.|10/02/1982|Veracruz|Xalapa|Primera Minoría|Veracruz|29/08/2012|Av. Paseo de la Reforma 135, Hemiciclo Piso 6 Oficina 13, Col. Tabacalera, Del. Cuauhtémoc, Cd. de México, C.P. 06030.|Guzmán Avilés, María del Rosario |Maestría|Ciencias políticas y sociales| Diputado(a) Local |Defensa Nacional (C. Senadores) |null
http://sil.gobernacion.gob.mx/Archivos/Fotos/9216276.jpg|Yunes Zorrilla, José Francisco|PRI|jose.yunes@senado.gob.mx|53-45-30-00 Ext: 3078, 5249.|25/09/1969|Veracruz|Perote|Mayoría Relativa|Veracruz|29/08/2012|Av. Paseo de la Reforma 135, Hemiciclo Piso 5 Oficina 18, Col. Tabacalera, Del. Cuauhtémoc, Cd. de México, C.P. 06030.|Rementería Coello, Ainara |Maestría|Ciencias políticas y sociales| Diputado(a) Local Diputado(a) Federal |Hacienda y Crédito Público (C. Senadores) |null
http://sil.gobernacion.gob.mx/Archivos/Fotos/9215788.jpg|Zamora Jiménez, Arturo|PRI|azamoraj@senado.gob.mx|53-45-30-00 Ext: 5157, 3052.|30/03/1956|Jalisco|Guadalajara|Mayoría Relativa|Jalisco|29/08/2012|Av. Paseo de la Reforma 135, Hemiciclo Piso 5 Oficina 20, Col. Tabacalera, Del. Cuauhtémoc, Cd. de México, C.P. 06030.|Martínez Espinoza, María Verónica |Doctorado|Derecho| Diputado(a) Federal |Estudios Legislativos (C. Senadores) |null
