('2','senadores/9215576.jpg','José Rosas','Aispuro Torres','Aispuro Torres José Rosas','aispuro-torres-jose-rosas','José Rosas Aispuro Torres','jose-rosas-aispuro-torres',4,' j.aispuro@senado.gob.mx','53-45-30-00 Ext: 3011, 3553.','19/10/1961','Durango','Tamazula','Primera Minoría','Durango','null','null','29/08/2012','Av. Paseo de la Reforma 135, Hemiciclo Piso 06 Oficina 16, Col. Tabacalera, Del. Cuauhtémoc, Cd. de México, C.P. 06030.','Flores Ávalos, Héctor David ','Doctorado','Derecho',' Diputado(a) Local Diputado(a) Federal ','null','null','1'),
('2','senadores/9215560.jpg','Roberto Armando','Albores Gleason','Albores Gleason Roberto Armando','albores-gleason-roberto-armando','Roberto Armando Albores Gleason','roberto-armando-albores-gleason',1,'roberto.albores@senado.gob.mx','53-45-30-00 Ext: 3556, 3349.','16/02/1979','Chiapas','null','Mayoría Relativa','Chiapas','null','null','29/08/2012','Av. Paseo de la Reforma 135, Hemiciclo Piso 04 Oficina 01, Col. Tabacalera, Del. Cuauhtémoc, Cd. de México, C.P. 06030.','Zuarth Esquinca, Rubén Antonio ','Licenciatura','Económico-financiera',' Diputado(a) Federal ','Medalla Belisario Domínguez (C. Senadores) ','null','1'),
('2','senadores/9215850.jpg','Blanca María del Socorro','Alcalá Ruiz','Alcalá Ruiz Blanca María del Socorro','alcala-ruiz-blanca-maria-del-socorro','Blanca María del Socorro Alcalá Ruiz','blanca-maria-del-socorro-alcala-ruiz',1,'blanca.alcala@senado.gob.mx','53-45-30-00 Ext: 5383, 3440.','08/10/1961','Tlaxcala','Tlaxcala','Mayoría Relativa','Puebla','null','null','29/08/2012','Av. Paseo de la Reforma 135, Hemiciclo Piso 04 Oficina 02, Col. Tabacalera, Del. Cuauhtémoc, Cd. de México, C.P. 06030.','Izaguirre Francos, María del Carmen ','Maestría','Ciencias políticas y sociales',' Diputado(a) Local ','Cultura (C. Senadores) ','null','1'),
('2','senadores/9215834.jpg','Ivonne Liliana','Álvarez García','Álvarez García Ivonne Liliana','alvarez-garcia-ivonne-liliana','Ivonne Liliana Álvarez García','ivonne-liliana-alvarez-garcia',1,'ivonnealvarez@senado.gob.mx','53-45-30-00 Ext: 2373, 2211.','25/04/1978','Nuevo León','Monterrey','Mayoría Relativa','Nuevo León','null','null','29/08/2012','Av. Paseo de la Reforma 135, Hemiciclo Piso 04 Oficina 03, Col. Tabacalera, Del. Cuauhtémoc, Cd. de México, C.P. 06030.','Quiroga Tamez, Mayela María de Lourdes ','Licenciatura','Derecho',' Diputado(a) Local ','Asuntos Fronterizos Norte (C. Senadores) ','null','1'),
('2','senadores/9215897.jpg','Daniel','Amador Gaxiola','Amador Gaxiola Daniel','amador-gaxiola-daniel','Daniel Amador Gaxiola','daniel-amador-gaxiola',1,'daniel.amador@senado.gob.mx','53-45-30-00 Ext: 3341, 3993, 3450.','04/09/1956','Sinaloa','Elota','Mayoría Relativa','Sinaloa','null','null','29/08/2012','Av. Paseo de la Reforma 135, Hemiciclo Piso 04 Oficina 04, Col. Tabacalera, Del. Cuauhtémoc, Cd. de México, C.P. 06030.','Tarriba Urtuzuástegui, Manuel Esteban ','Profesor Normalista','null',' Diputado(a) Local Diputado(a) Federal ','Para el desarrollo metropolitano (C. Senadores) ','null','1'),
('2','senadores/9216280.jpg','Angélica del Rosario','Araujo Lara','Araujo Lara Angélica del Rosario','araujo-lara-angelica-del-rosario','Angélica del Rosario Araujo Lara','angelica-del-rosario-araujo-lara',1,'angelica.araujo@senado.gob.mx','53-45-30-00 Ext: 3036.','21/06/1964','Yucatán','Tixkokob','Primera Minoría','Yucatán','null','null','29/08/2012','Av. Paseo de la Reforma 135, Hemiciclo Piso 04 Oficina 06, Col. Tabacalera, Del. Cuauhtémoc, Cd. de México, C.P. 06030.','López Briceño, Alaine Patricia ','Maestría','Ciencias políticas y sociales',' Diputado(a) Federal ','Desarrollo Urbano y Ordenación Territorial (C. Senadores) ','null','1'),
('2','senadores/9217947.jpg','Mónica Tzasna','Arriola Gordillo','Arriola Gordillo Mónica Tzasna','arriola-gordillo-monica-tzasna','Mónica Tzasna Arriola Gordillo','monica-tzasna-arriola-gordillo',7,'monica.arriola@senado.gob.mx','53-45-30-00 Ext.: 3302, 3237.','14/05/1971','Distrito Federal','Tlalpan','Representación Proporcional','N/A','null','null','29/08/2012','Av. Paseo de la Reforma 135, Hemiciclo Piso 05 Oficina 21, Col. Tabacalera, Del. Cuauhtémoc, Cd. de México, C.P. 06030.','Cárdenas Fonseca, Manuel ','Licenciatura','Humanidades',' Diputado(a) Local Diputado(a) Federal ','Derechos Humanos (C. Senadores) ','null','1'),
('2','senadores/9216268.jpg','Daniel Gabriel','Ávila Ruiz','Ávila Ruiz Daniel Gabriel','avila-ruiz-daniel-gabriel','Daniel Gabriel Ávila Ruiz','daniel-gabriel-avila-ruiz',4,'daniel.avila@pan.senado.gob.mx','53-45-30-00 Ext: 3327.','03/08/1971','Yucatán','Tizimín','Mayoría Relativa','Yucatán','null','null','29/08/2012','Av. Paseo de la Reforma 135, Hemiciclo Piso 06 Oficina 26, Col. Tabacalera, Del. Cuauhtémoc, Cd. de México, C.P. 06030.','Villanueva Trujillo, Loreto Noemí ','Maestría','Administración y contaduría',' Diputado(a) Local Diputado(a) Federal ','Comité Directivo del Instituto Belisario Domínguez (C. Senadores) ','null','1'),
('2','senadores/9217613.jpg','Joel','Ayala Almeida','Ayala Almeida Joel','ayala-almeida-joel','Joel Ayala Almeida','joel-ayala-almeida',1,'jayala@senado.gob.mx','53-45-30-00 Ext: 3257, 3694.','20/12/1946','Sonora','San Luis Río Colorado','Representación Proporcional','N/A','null','null','29/08/2012','Av. Paseo de la Reforma 135, Hemiciclo Piso 04 Oficina 07, Col. Tabacalera, Del. Cuauhtémoc, Cd. de México, C.P. 06030.','Villegas Arreola, Alfredo ','Licenciatura','Económico-financiera',' Diputado(a) Federal Senador(a) ','Defensa Nacional (C. Senadores) ','null','1'),
('2','senadores/9217905.jpg','Luis Miguel Gerónimo','Barbosa Huerta','Barbosa Huerta Luis Miguel Gerónimo','barbosa-huerta-luis-miguel-geronimo','Luis Miguel Gerónimo Barbosa Huerta','luis-miguel-geronimo-barbosa-huerta',2,'miguel.barbosa@senado.gob.mx',' 53-45-30-00 Ext.: 3158, 3116.','30/09/1959','Puebla','Tehuacán','Representación Proporcional','N/A','null','null','29/08/2012','Av. Paseo de la Reforma 135, Hemiciclo Piso 03 Oficina 06, Col. Tabacalera, Del. Cuauhtémoc, Cd. de México, C.P. 06030.','Berlanga Sánchez, Marlon ','Licenciatura','Derecho',' Diputado(a) Federal ','Comité Directivo del Instituto Belisario Domínguez (C. Senadores) ','null','1'),
('2','senadores/9218030.jpg','María Alejandra','Barrales Magdaleno','Barrales Magdaleno María Alejandra','barrales-magdaleno-maria-alejandra','María Alejandra Barrales Magdaleno','maria-alejandra-barrales-magdaleno',2,'alejandra.barrales@senado.gob.mx',' 53-45-30-00 Ext.: 5390','17/07/1967','Distrito Federal','null','Mayoría Relativa','Distrito Federal','null','null','29/08/2012','Av. Paseo de la Reforma 135, Hemiciclo Piso 03 Oficina 19, Col. Tabacalera, Del. Cuauhtémoc, Cd. de México, C.P. 06030','Tagle Martínez, Martha Angélica ','Maestría','Ciencias políticas y sociales',' Diputado(a) Local Diputado(a) Federal ','Radio, Televisión y Cinematografía (C. Senadores) ','null','1'),
('2','senadores/9217931.jpg','María Elena','Barrera Tapia','Barrera Tapia María Elena','barrera-tapia-maria-elena','María Elena Barrera Tapia','maria-elena-barrera-tapia',3,'mariaelena@senado.gob.mx','53-45-30-00 Ext: 5398, 5439.','22/09/1960','México','Toluca','Mayoría Relativa','México','null','null','29/08/2012','Av. Paseo de la Reforma 135, Hemiciclo Piso 03 Oficina , Col. Tabacalera, Del. Cuauhtémoc, Cd. de México, C.P. 06030.','Luque Inzunza, Martha Vianey ','Maestría','Administración y contaduría','null','Vivienda (C. Senadores) ','null','1'),
('2','senadores/9215528.jpg','Ricardo','Barroso Agramont','Barroso Agramont Ricardo','barroso-agramont-ricardo','Ricardo Barroso Agramont','ricardo-barroso-agramont',1,'rbarroso@senado.gob.mx','53-45-30-00 Ext: 3628, 3210.','29/02/1980','Baja California Sur','La Paz','Mayoría Relativa','Baja California Sur','null','null','29/08/2012','Av. Paseo de la Reforma 135, Hemiciclo Piso 04 Oficina 08, Col. Tabacalera, Del. Cuauhtémoc, Cd. de México, C.P. 06030.','Ceseña Burgoin, Ángel Salvador ','Licenciatura','Derecho','null','Marina (C. Senadores) ','null','1'),
('2','senadores/9217917.jpg','Manuel','Bartlett Díaz','Bartlett Díaz Manuel','bartlett-diaz-manuel','Manuel Bartlett Díaz','manuel-bartlett-diaz',5,'mbartlett@senado.gob.mx','53-45-30-00 Ext: 5479, 5461.','23/02/1936','Puebla','Puebla','Representación Proporcional','N/A','null','null','29/08/2012','Av. Paseo de la Reforma 135, Hemiciclo Piso 01 Oficina 07, Col. Tabacalera, Del. Cuauhtémoc, Cd. de México, C.P. 06030.','Espinosa Ramos, Francisco Amadeo ','Doctorado','Ciencias políticas y sociales',' Senador(a) ','Energía (C. Senadores) ','null','1'),
('2','senadores/9218044.jpg','Luz María','Beristain Navarrete','Beristain Navarrete Luz María','beristain-navarrete-luz-maria','Luz María Beristain Navarrete','luz-maria-beristain-navarrete',2,' luz.beristain@senado.gob.mx','53-45-30-00 Ext.: 3144, 5396.','04/10/1963','Yucatán','Tizimín','Primera Minoría','Quintana Roo','null','null','29/08/2012','Av. Paseo de la Reforma 135, Hemiciclo Piso 03 Oficina 02, Col. Tabacalera, Del. Cuauhtémoc, Cd. de México, C.P. 06030.','Sánchez Cruz, Alfonsina ','Licenciatura','Ciencias políticas y sociales',' Diputado(a) Local ','Administración (C. Senadores) ','null','1'),
('2','senadores/9218077.jpg','Marco Antonio','Blásquez Salinas','Blásquez Salinas Marco Antonio','blasquez-salinas-marco-antonio','Marco Antonio Blásquez Salinas','marco-antonio-blasquez-salinas',5,'marcobla@senado.gob.mx','53-45-30-00 Ext: 3246, 3850, 3925.','07/05/1963','Baja California','Tijuana','Primera Minoría','Baja California','null','null','29/08/2012','Av. Paseo de la Reforma 135, Hemiciclo Piso 05 Oficina 26, Col. Tabacalera, Del. Cuauhtémoc, Cd. de México, C.P. 06030.','Solorio Ramírez, Daniel ','null','null','null','Para dar seguimiento a las agresiones contra periodistas y medios de comunicación (C. Senadores) ','null','1'),
('2','senadores/9215861.jpg','Enrique','Burgos García','Burgos García Enrique','burgos-garcia-enrique','Enrique Burgos García','enrique-burgos-garcia',1,'eburgosg@senado.gob.mx',' 53-45-30-00 Ext: 5199, 3048.','20/04/1946','Querétaro','Querétaro','Primera Minoría','Querétaro','null','null','29/08/2012','Av. Paseo de la Reforma 135, Hemiciclo Piso 04 Oficina 09, Col. Tabacalera, Del. Cuauhtémoc, Cd. de México, C.P. 06030.','García Quiroz, Jorge ','Doctorado','Derecho',' Diputado(a) Local Diputado(a) Federal Senador(a) ','Puntos Constitucionales (C. Senadores) ','null','1'),
('2','senadores/9215933.jpg','Francisco de Paula','Búrquez Valenzuela','Búrquez Valenzuela Francisco de Paula','burquez-valenzuela-francisco-de-paula','Francisco de Paula Búrquez Valenzuela','francisco-de-paula-burquez-valenzuela',4,'francisco.burquez@senado.gob.mx','53-45-30-00 Ext: 3933, 3999.','06/06/1958','Sonora','Hermosillo','Primera Minoría','Sonora','null','null','29/08/2012','Av. Paseo de la Reforma 135, Hemiciclo Piso 05 Oficina 28, Col. Tabacalera, Del. Cuauhtémoc, Cd. de México, C.P. 06030.','Espinoza Casillas, Martha Patricia ','Maestría','Administración y contaduría','null','Desarrollo Urbano y Ordenación Territorial (C. Senadores) ','null','1'),
('2','senadores/9217880.jpg','Luisa María de Guadalupe','Calderón Hinojosa','Calderón Hinojosa Luisa María de Guadalupe','calderon-hinojosa-luisa-maria-de-guadalupe','Luisa María de Guadalupe Calderón Hinojosa','luisa-maria-de-guadalupe-calderon-hinojosa',4,'lcalderonh@senado.gob.mx','53-45-30-00 Ext: 3234, 3005, 3612.','23/10/1956','Distrito Federal','México','Representación Proporcional','N/A','null','null','29/08/2012','Av. Paseo de la Reforma 135, Hemiciclo Piso 06 Oficina 08, Col. Tabacalera, Del. Cuauhtémoc, Cd. de México, C.P. 06030.','Clavel Sánchez, Lizette ','Maestría','Humanidades',' Diputado(a) Local Diputado(a) Federal Senador(a) ','Asuntos Indígenas (C. Senadores) ','null','1'),
('2','senadores/9218075.jpg','Víctor Manuel','Camacho Solís','Camacho Solís Víctor Manuel','camacho-solis-victor-manuel','Víctor Manuel Camacho Solís','victor-manuel-camacho-solis',2,'manuel.camacho@senado.gob.mx',' 53-45-30-00 Ext.: 3196, 5223.','30/03/1946','Distrito Federal','México','Representación Proporcional','N/A','null','null','29/08/2012','Av. Paseo de la Reforma 135, Hemiciclo Piso 03 Oficina 03, Col. Tabacalera, Del. Cuauhtémoc, Cd. de México, C.P. 06030.','Fernández Fuentes, Luis Humberto ','Maestría','Ciencias políticas y sociales',' Diputado(a) Federal ','Bicamaral de Seguridad Nacional (H. Congreso de la Unión) ','null','1'),
('2','senadores/9217242.jpg','Jesús','Casillas Romero','Casillas Romero Jesús','casillas-romero-jesus','Jesús Casillas Romero','jesus-casillas-romero',1,'jesus.casillas@senado.gob.mx','53-45-30-00 Ext: 3183, 3159.','13/05/1962','null','null','Mayoría Relativa','Jalisco','null','null','29/08/2012','Av. Paseo de la Reforma 135, Hemiciclo Piso 04 Oficina 10, Col. Tabacalera, Del. Cuauhtémoc, Cd. de México, C.P. 06030.','Contreras Zepeda, Hugo ','Licenciatura','Derecho',' Diputado(a) Local ','De movilidad (C. Senadores) ','null','1'),
('2','senadores/9215941.jpg','Manuel','Cavazos Lerma','Cavazos Lerma Manuel','cavazos-lerma-manuel','Manuel Cavazos Lerma','manuel-cavazos-lerma',1,'manuel.cavazos@senado.gob.mx','53-45-30-00 Ext: 3359, 3978, 5011.','12/03/1946','Tamaulipas','Matamoros','Primera Minoría','Tamaulipas','null','null','29/08/2012','Av. Paseo de la Reforma 135, Hemiciclo Piso 04 Oficina 11, Col. Tabacalera, Del. Cuauhtémoc, Cd. de México, C.P. 06030.','Rábago Castillo, José Francisco ','Maestría','Económico-financiera',' Diputado(a) Federal Senador(a) ','Para el análisis y seguimiento de las finanzas públicas (C. Senadores) ','null','1'),
('2','senadores/9215582.jpg','Miguel Ángel','Chico Herrera','Chico Herrera Miguel Ángel','chico-herrera-miguel-angel','Miguel Ángel Chico Herrera','miguel-angel-chico-herrera',1,'mchicoh@senado.gob.mx',' 53-45-30-00 Ext: 3204.','17/03/1961','Guanajuato','Irapuato','Primera Minoría','Guanajuato','null','null','29/08/2012','Av. Paseo de la Reforma 135, Hemiciclo Piso 04 Oficina 13, Col. Tabacalera, Del. Cuauhtémoc, Cd. de México, C.P. 06030.','Rodríguez Olivares, Bonifacio ','Licenciatura','Derecho',' Diputado(a) Local ','Reforma del Estado (C. Senadores) ','null','1'),
('2','senadores/9217874.jpg','Ernesto Javier','Cordero Arroyo','Cordero Arroyo Ernesto Javier','cordero-arroyo-ernesto-javier','Ernesto Javier Cordero Arroyo','ernesto-javier-cordero-arroyo',4,'mesadirectiva@senado.gob.mx','53-45-30-00 Ext: 2205, 2206.','09/05/1968','Distrito Federal','Cuauhtémoc','Representación Proporcional','N/A','null','null','29/08/2012','Av. Paseo de la Reforma 135, Hemiciclo Piso Oficina , Col. Tabacalera, Del. Cuauhtémoc, Cd. de México, C.P. 06030.','Hernández Núñez, Elia ','Maestría','Económico-financiera','null','Relaciones Exteriores, África (C. Senadores) ','null','1'),
('2','senadores/9217780.jpg','Javier','Corral Jurado','Corral Jurado Javier','corral-jurado-javier','Javier Corral Jurado','javier-corral-jurado',4,'javier.corral@pan.senado.gob.mx','53-45-30-00 Ext: 3035, 3432, 3527.','02/08/1966','Chihuahua','Ciudad Juárez','Primera Minoría','Chihuahua','null','null','29/08/2012','Av. Paseo de la Reforma 135, Hemiciclo Piso 06 Oficina 30, Col. Tabacalera, Del. Cuauhtémoc, Cd. de México, C.P. 06030.','Martínez Elizondo, Sylvia Leticia ','Licenciatura','Derecho',' Diputado(a) Local Diputado(a) Federal Senador(a) ','Reglamentos y Prácticas Parlamentarias (C. Senadores) ','null','1'),
('2','senadores/9215824.jpg','Manuel Humberto','Cota Jiménez','Cota Jiménez Manuel Humberto','cota-jimenez-manuel-humberto','Manuel Humberto Cota Jiménez','manuel-humberto-cota-jimenez',1,' cotanayarit@senado.gob.mx',' 53-45-30-00 Ext: 3342, 3451.','02/03/1961','Nayarit','Tepic','Mayoría Relativa','Nayarit','null','null','29/08/2012','Av. Paseo de la Reforma 135, Hemiciclo Piso 04 Oficina 14, Col. Tabacalera, Del. Cuauhtémoc, Cd. de México, C.P. 06030.','García Chávez, Raymundo ','Pasante/Licenciatura trunca','Administración y contaduría',' Diputado(a) Local Diputado(a) Federal ','Agricultura y Ganadería (C. Senadores) ','null','1'),
('2','senadores/9218052.jpg','Lorena','Cuéllar Cisneros','Cuéllar Cisneros Lorena','cuellar-cisneros-lorena','Lorena Cuéllar Cisneros','lorena-cuellar-cisneros',2,'lorena.cuellar@senado.gob.mx',' 53-45-30-00 Ext.: 3198','20/02/1962','Tlaxcala','Tlaxcala','Mayoría Relativa','Tlaxcala','null','null','29/08/2012','Av. Paseo de la Reforma 135, Hemiciclo Piso 03 Oficina 12, Col. Tabacalera, Del. Cuauhtémoc, Cd. de México, C.P. 06030.','Roldán Benítez, Alejandra ','Licenciatura','Ciencias de la educación',' Diputado(a) Local ','Desarrollo Social (C. Senadores) ','null','1'),
('2','senadores/9217884.jpg','Gabriela','Cuevas Barrón','Cuevas Barrón Gabriela','cuevas-barron-gabriela','Gabriela Cuevas Barrón','gabriela-cuevas-barron',4,'gabriela.cuevas@senado.gob.mx','53-45-30-00 Ext: 3213, 3214.','03/04/1979','Distrito Federal','Miguel Hidalgo','Representación Proporcional','N/A','null','null','29/08/2012','Av. Paseo de la Reforma 135, Hemiciclo Piso 06 Oficina 29, Col. Tabacalera, Del. Cuauhtémoc, Cd. de México, C.P. 06030.','Márquez Espinoza, Blanca Belia ','Pasante/Licenciatura trunca','Ciencias políticas y sociales',' Diputado(a) Local Diputado(a) Federal ','Relaciones Exteriores (C. Senadores) ','null','1'),
('2','senadores/9215953.jpg','Adriana','Dávila Fernández','Dávila Fernández Adriana','davila-fernandez-adriana','Adriana Dávila Fernández','adriana-davila-fernandez',4,'adriana.davila@pan.senado.gob.mx','53-45-30-00 Ext: 5078, 5452.','30/12/1970','Tlaxcala','Apizaco','Primera Minoría','Tlaxcala','null','null','29/08/2012','Av. Paseo de la Reforma 135, Hemiciclo Piso 05 Oficina 27, Col. Tabacalera, Del. Cuauhtémoc, Cd. de México, C.P. 06030.','Torres López, Amelia ','Licenciatura','Comunicación',' Diputado(a) Federal ','Contra la Trata de Personas (C. Senadores) ','null','1'),
('2','senadores/9217907.jpg','Angélica','De la Peña Gómez','De la Peña Gómez Angélica','de-la-pena-gomez-angelica','Angélica De la Peña Gómez','angelica-de-la-pena-gomez',2,'angelicadelapena@senado.gob.mx',' 53-45-30-00 Ext.: 3127, 3519.','30/05/1954','Jalisco','Guadalajara','Representación Proporcional','N/A','null','null','29/08/2012','Av. Paseo de la Reforma 135, Hemiciclo Piso 03 Oficina 07, Col. Tabacalera, Del. Cuauhtémoc, Cd. de México, C.P. 06030.','Ortiz Ortega, Adriana Noemí ','Licenciatura','Humanidades',' Diputado(a) Federal ','Derechos Humanos (C. Senadores) ','null','1'),
('2','senadores/9218032.jpg','Mario Martín','Delgado Carrillo','Delgado Carrillo Mario Martín','delgado-carrillo-mario-martin','Mario Martín Delgado Carrillo','mario-martin-delgado-carrillo',2,' mario.delgado@senado.gob.mx',' 53-45-30-00 Ext.: 3470, 3827.','17/06/1972','Colima','Colima','Mayoría Relativa','Distrito Federal','null','null','29/08/2012','Av. Paseo de la Reforma 135, Hemiciclo Piso 03 Oficina 08, Col. Tabacalera, Del. Cuauhtémoc, Cd. de México, C.P. 06030.','Tenorio Antiga, Xiuh Guillermo ','Maestría','Económico-financiera','null','Distrito Federal (C. Senadores) ','null','1'),
('2','senadores/9218082.jpg','Fidel','Demédicis Hidalgo','Demédicis Hidalgo Fidel','demedicis-hidalgo-fidel','Fidel Demédicis Hidalgo','fidel-demedicis-hidalgo',2,' fidel.demedicis@senado.gob.mx','53-45-30-00 Ext.: 3561, 5094.','23/03/1956','Morelos','Temixco','Mayoría Relativa','Morelos','null','null','29/08/2012','Av. Paseo de la Reforma 135, Hemiciclo Piso 03 Oficina 16, Col. Tabacalera, Del. Cuauhtémoc, Cd. de México, C.P. 06030.','Carrasco Zanini Castillo, Eduardo Ernesto ','Pasante/Licenciatura trunca','Ciencias políticas y sociales',' Diputado(a) Local ','Desarrollo Rural (C. Senadores) ','null','1'),
('2','senadores/9216270.jpg','Rosa Adriana','Díaz Lizama','Díaz Lizama Rosa Adriana','diaz-lizama-rosa-adriana','Rosa Adriana Díaz Lizama','rosa-adriana-diaz-lizama',4,'rosa.diaz@senado.gob.mx','53-45-30-00 Ext: 3068, 5451, 3065.','16/11/1973','Yucatán','null','Mayoría Relativa','Yucatán','null','null','29/08/2012','Av. Paseo de la Reforma 135, Hemiciclo Piso 06 Oficina 31, Col. Tabacalera, Del. Cuauhtémoc, Cd. de México, C.P. 06030.','Valencia Heredia, Elisa Maribel ','Pasante/Licenciatura trunca','Derecho',' Diputado(a) Local Diputado(a) Federal ','Derechos Humanos (C. Senadores) ','null','1'),
('2','senadores/9217742.jpg','María Cristina','Díaz Salazar','Díaz Salazar María Cristina','diaz-salazar-maria-cristina','María Cristina Díaz Salazar','maria-cristina-diaz-salazar',1,'cristina.diazs09@senado.gob.mx',' 53-45-30-00 Ext: 3345, 3454.','17/09/1958','Nuevo León','Monterrey','Representación Proporcional','N/A','null','null','29/08/2012','Av. Paseo de la Reforma 135, Hemiciclo Piso 04 Oficina 15, Col. Tabacalera, Del. Cuauhtémoc, Cd. de México, C.P. 06030.','Terán Velázquez, María Esther ','Licenciatura','Derecho',' Diputado(a) Local Diputado(a) Federal ','Gobernación (C. Senadores) ','null','1'),
('2','senadores/9215865.jpg','Francisco','Domínguez Servién','Domínguez Servién Francisco','dominguez-servien-francisco','Francisco Domínguez Servién','francisco-dominguez-servien',4,'panchodominguez@senado.gob.mx','53-45-30-00 Ext: 3409, 5348.','11/08/1966','Querétaro','null','Mayoría Relativa','Querétaro','null','null','29/08/2012','Av. Paseo de la Reforma 135, Hemiciclo Piso 06 Oficina 03, Col. Tabacalera, Del. Cuauhtémoc, Cd. de México, C.P. 06030.','Rocha Acosta, Sonia ','Licenciatura','Agropecuaria y zootecnia',' Diputado(a) Federal ','Agricultura y Ganadería (C. Senadores) ','null','1'),
('2','senadores/9218038.jpg','Alejandro de Jesús','Encinas Rodríguez','Encinas Rodríguez Alejandro de Jesús','encinas-rodriguez-alejandro-de-jesus','Alejandro de Jesús Encinas Rodríguez','alejandro-de-jesus-encinas-rodriguez',2,'aencinas@senado.gob.mx','53-45-30-00 Ext.: 3112, 3961.','13/05/1954','Distrito Federal','Cuauhtémoc','Primera Minoría','México','null','null','29/08/2012','Av. Paseo de la Reforma 135, Hemiciclo Piso 03 Oficina 09, Col. Tabacalera, Del. Cuauhtémoc, Cd. de México, C.P. 06030.','Crisóstomo Reyes, Manuel ','Licenciatura','Económico-financiera',' Diputado(a) Federal ','Bicamaral del Canal de Televisión del Congreso de la Unión (H. Congreso de la Unión) ','null','1'),
('2','senadores/9215570.jpg','Pablo','Escudero Morales','Escudero Morales Pablo','escudero-morales-pablo','Pablo Escudero Morales','pablo-escudero-morales',3,'pablo.escudero@senado.gob.mx','53-45-30-00 Ext: 3293, 5170.','06/07/1973','Distrito Federal','México','Primera Minoría','Distrito Federal','null','null','29/08/2012','Av. Paseo de la Reforma 135, Hemiciclo Piso 03 Oficina 32, Col. Tabacalera, Del. Cuauhtémoc, Cd. de México, C.P. 06030.','Tapia Franco, José María ','Maestría','Ciencias políticas y sociales',' Diputado(a) Federal ','Anticorrupción y Participación Ciudadana (C. Senadores) ','null','1'),
('2','senadores/9215778.jpg','Omar','Fayad Meneses','Fayad Meneses Omar','fayad-meneses-omar','Omar Fayad Meneses','omar-fayad-meneses',1,'omarfayad@senado.gob.mx','53-45-30-00 Ext: 3072, 3997.','26/08/1962','Hidalgo','Zempoala','Mayoría Relativa','Hidalgo','null','null','29/08/2012','Av. Paseo de la Reforma 135, Hemiciclo Piso 04 Oficina 16, Col. Tabacalera, Del. Cuauhtémoc, Cd. de México, C.P. 06030.','Priego Calva, Jesús ','Licenciatura','Derecho',' Diputado(a) Federal ','Seguridad Pública (C. Senadores) ','null','1'),
('2','senadores/9215546.jpg','Braulio Manuel','Fernández Aguirre','Fernández Aguirre Braulio Manuel','fernandez-aguirre-braulio-manuel','Braulio Manuel Fernández Aguirre','braulio-manuel-fernandez-aguirre',1,'braulio.fernandez@senado.gob.mx','53-45-30-00 Ext: 3070, 3245.','17/06/1941','Coahuila','Torreón','Primera Minoría','Coahuila','null','null','29/08/2012','Av. Paseo de la Reforma 135, Hemiciclo Piso 04 Oficina 17, Col. Tabacalera, Del. Cuauhtémoc, Cd. de México, C.P. 06030.','Medina Ramírez, Tereso ','Licenciatura','Administración y contaduría',' Diputado(a) Local Diputado(a) Federal ','Comercio y Fomento Industrial (C. Senadores) ','null','1'),
('2','senadores/9218227.jpg','Hilda Esthela','Flores Escalera','Flores Escalera Hilda Esthela','flores-escalera-hilda-esthela','Hilda Esthela Flores Escalera','hilda-esthela-flores-escalera',1,'hilda.flores@senado.gob.mx','53-45-30-00 Ext: 3284, 3506.','09/09/1970','Coahuila','Saltillo','Representación Proporcional','N/A','null','null','29/08/2012','Av. Paseo de la Reforma 135, Hemiciclo Piso 04 Oficina 18, Col. Tabacalera, Del. Cuauhtémoc, Cd. de México, C.P. 06030.','González Soto, Diana Patricia ','Licenciatura','Ciencias políticas y sociales',' Diputado(a) Local Diputado(a) Federal ','Atención a Grupos Vulnerables (C. Senadores) ','null','1'),
('2','senadores/9217929.jpg','Juan Gerardo','Flores Ramírez','Flores Ramírez Juan Gerardo','flores-ramirez-juan-gerardo','Juan Gerardo Flores Ramírez','juan-gerardo-flores-ramirez',3,' gerardo.flores@senado.gob.mx',' 53-45-30-00 Ext:','31/07/1968','null','null','Representación Proporcional','N/A','null','null','29/08/2012','Av. Paseo de la Reforma 135, Hemiciclo Piso 03 Oficina 28, Col. Tabacalera, Del. Cuauhtémoc, Cd. de México, C.P. 06030.','Contreras López, Pedro Ángel ','Maestría','Económico-financiera',' Diputado(a) Federal ','Comunicaciones y Transportes (C. Senadores) ','null','1'),
('2','senadores/9215826.jpg','Margarita','Flores Sánchez','Flores Sánchez Margarita','flores-sanchez-margarita','Margarita Flores Sánchez','margarita-flores-sanchez',1,'margarita.flores@senado.gob.mx','53-45-30-00 Ext: 3333, 3423, 3317.','10/12/1961','Sinaloa','Culiacán','Mayoría Relativa','Nayarit','null','null','29/08/2012','Av. Paseo de la Reforma 135, Hemiciclo Piso 04 Oficina 19, Col. Tabacalera, Del. Cuauhtémoc, Cd. de México, C.P. 06030.','Barrón Vivanco, Michelle Arandine ','Preparatoria','null','null','Relaciones Exteriores, África (C. Senadores) ','null','1'),
('2','senadores/9217740.jpg','Emilio Antonio','Gamboa Patrón','Gamboa Patrón Emilio Antonio','gamboa-patron-emilio-antonio','Emilio Antonio Gamboa Patrón','emilio-antonio-gamboa-patron',1,' emilio.gamboa@senado.gob.mx','53-45-30-00 Ext: 3274, 2340.','23/08/1950','Distrito Federal','México','Representación Proporcional','N/A','null','null','29/08/2012','Av. Paseo de la Reforma 135, Hemiciclo Piso 04 Oficina 05, Col. Tabacalera, Del. Cuauhtémoc, Cd. de México, C.P. 06030.','Juraidini Rumilla, Jorge Alberto ','Licenciatura','Administración y contaduría',' Diputado(a) Federal Senador(a) ','null','null','1'),
('2','senadores/9215931.jpg','Ernesto','Gándara Camou','Gándara Camou Ernesto','gandara-camou-ernesto','Ernesto Gándara Camou','ernesto-gandara-camou',1,'ernesto.gandara@senado.gob.mx','53-45-30-00 Ext: 3433, 3185.','22/09/1960','Sonora','Hermosillo','Mayoría Relativa','Sonora','null','null','29/08/2012','Av. Paseo de la Reforma 135, Hemiciclo Piso 04 Oficina 20, Col. Tabacalera, Del. Cuauhtémoc, Cd. de México, C.P. 06030.','Navarro Gallegos, Raúl ','Maestría','Derecho','null','Trabajo y Previsión Social (C. Senadores) ','null','1'),
('2','senadores/9215828.jpg','Martha Elena','García Gómez','García Gómez Martha Elena','garcia-gomez-martha-elena','Martha Elena García Gómez','martha-elena-garcia-gomez',4,'marthaelena@senado.gob.mx','53-45-30-00 Ext: 3388, 5073.','03/05/1945','Oaxaca','Oaxaca de Juárez','Primera Minoría','Nayarit','null','null','29/08/2012','Av. Paseo de la Reforma 135, Hemiciclo Piso 06 Oficina 01, Col. Tabacalera, Del. Cuauhtémoc, Cd. de México, C.P. 06030.','Ortiz Urciaga, Ángela Esmeralda ','Técnico','Administración y contaduría',' Diputado(a) Federal ','Derechos de la Niñez y de la Adolescencia (C. Senadores) ','null','1'),
('2','senadores/9215945.jpg','Francisco Javier','García Cabeza de Vaca','García Cabeza de Vaca Francisco Javier','garcia-cabeza-de-vaca-francisco-javier','Francisco Javier García Cabeza de Vaca','francisco-javier-garcia-cabeza-de-vaca',4,'franciscocabezadevaca@senado.gob.mx','53-45-30-00 Ext: 3022, 5245.','17/09/1967','Tamaulipas','Reynosa','Mayoría Relativa','Tamaulipas','null','null','29/08/2012','Av. Paseo de la Reforma 135, Hemiciclo Piso 06 Oficina 05, Col. Tabacalera, Del. Cuauhtémoc, Cd. de México, C.P. 06030.','García Guajardo, Sandra Luz ','Maestría','Económico-financiera',' Diputado(a) Local Diputado(a) Federal ','Reforma Agraria (C. Senadores) ','null','1'),
('2','senadores/9217776.jpg','Silvia Guadalupe','Garza Galván','Garza Galván Silvia Guadalupe','garza-galvan-silvia-guadalupe','Silvia Guadalupe Garza Galván','silvia-guadalupe-garza-galvan',4,'silvia.garza@senado.gob.mx','53-45-30-00 Ext: 3337, 3446.','05/07/1962','Coahuila','Monclova','Mayoría Relativa','Coahuila','null','null','29/08/2012','Av. Paseo de la Reforma 135, Hemiciclo Piso 05 Oficina 32, Col. Tabacalera, Del. Cuauhtémoc, Cd. de México, C.P. 06030.','González Pérez, Elva Martha ','Licenciatura','Ciencias',' Diputado(a) Local ','De cambio climático (C. Senadores) ','null','1'),
('2','senadores/9217603.jpg','Diva Hadamira','Gastélum Bajo','Gastélum Bajo Diva Hadamira','gastelum-bajo-diva-hadamira','Diva Hadamira Gastélum Bajo','diva-hadamira-gastelum-bajo',1,'diva.gastelum@senado.gob.mx','53-45-30-00 Ext: 3309, 3410.','30/07/1961','Sinaloa','Guasave','Representación Proporcional','N/A','null','null','29/08/2012','Av. Paseo de la Reforma 135, Hemiciclo Piso 04 Oficina 21, Col. Tabacalera, Del. Cuauhtémoc, Cd. de México, C.P. 06030.','Jasso Nieto, Ofelia Socorro ','Maestría','Derecho',' Diputado(a) Local Diputado(a) Federal ','Para la Igualdad de Género (C. Senadores) ','null','1'),
('2','senadores/9217878.jpg','Roberto','Gil Zuarth','Gil Zuarth Roberto','gil-zuarth-roberto','Roberto Gil Zuarth','roberto-gil-zuarth',4,'roberto.gil@senado.gob.mx','53-45-30-00 Ext: 3084, 3569.','10/10/1977','Chiapas','Villaflores','Representación Proporcional','N/A','null','null','29/08/2012','Av. Paseo de la Reforma 135, Hemiciclo Piso 06 Oficina 27, Col. Tabacalera, Del. Cuauhtémoc, Cd. de México, C.P. 06030.','Loaiza Garzón, Adriana ','Maestría','Derecho',' Diputado(a) Federal ','Justicia (C. Senadores) ','null','1'),
('2','senadores/9217904.jpg','Arely','Gómez González','Gómez González Arely','gomez-gonzalez-arely','Arely Gómez González','arely-gomez-gonzalez',1,'arelygomezg@senado.gob.mx','53-45-30-00 Ext: 3813.','09/11/1952','Distrito Federal','null','Representación Proporcional','N/A','null','null','29/08/2012','Av. Paseo de la Reforma 135, Hemiciclo Piso 04 Oficina 22, Col. Tabacalera, Del. Cuauhtémoc, Cd. de México, C.P. 06030.','Domínguez Arvizu, María Hilaria ','Maestría','Ciencias políticas y sociales','null','Comité de Garantía de Acceso y Transparencia de la Información del Senado de la República (C. Senadores) ','null','1'),
('2','senadores/9217876.jpg','Mariana','Gómez del Campo Gurza','Gómez del Campo Gurza Mariana','gomez-del-campo-gurza-mariana','Mariana Gómez del Campo Gurza','mariana-gomez-del-campo-gurza',4,'mariana@pan.senado.gob.mx','53-45-30-00 Ext: 3019, 3020.','07/08/1978','Distrito Federal','Miguel Hidalgo','Representación Proporcional','N/A','null','null','29/08/2012','Av. Paseo de la Reforma 135, Hemiciclo Piso 06 Oficina 10, Col. Tabacalera, Del. Cuauhtémoc, Cd. de México, C.P. 06030.','Quiroga Fernández, María Isabel ','Licenciatura','Comunicación',' Diputado(a) Local ','Relaciones Exteriores, América Latina y el Caribe (C. Senadores) ','null','1'),
('2','senadores/9215875.jpg','Félix Arturo','González Canto','González Canto Félix Arturo','gonzalez-canto-felix-arturo','Félix Arturo González Canto','felix-arturo-gonzalez-canto',1,'felixgc@senado.gob.mx',' 53-45-30-00 Ext: 3281, 5105.','23/07/1968','Quintana Roo','Cozumel','Mayoría Relativa','Quintana Roo','null','null','29/08/2012','Av. Paseo de la Reforma 135, Hemiciclo Piso 04 Oficina 23, Col. Tabacalera, Del. Cuauhtémoc, Cd. de México, C.P. 06030.','Castilla Madrid, Cora Amalia ','Licenciatura','Económico-financiera',' Diputado(a) Federal ','Turismo (C. Senadores) ','null','1'),
('2','senadores/9216480.jpg','Isaías','González Cuevas','González Cuevas Isaías','gonzalez-cuevas-isaias','Isaías González Cuevas','isaias-gonzalez-cuevas',1,'igonzalez@senado.gob.mx',' 53-45-30-00 Ext: 3283, 5116.','06/07/1940','México','Acolman','Mayoría Relativa','Baja California Sur','null','null','29/08/2012','Av. Paseo de la Reforma 135, Hemiciclo Piso 04 Oficina 24, Col. Tabacalera, Del. Cuauhtémoc, Cd. de México, C.P. 06030.','Yuen Santa Ana, Ana Luisa ','Secundaria','null',' Diputado(a) Federal ','Seguridad Social (C. Senadores) ','null','1'),
('2','senadores/9217507.jpg','Jorge Emilio','González Martínez','González Martínez Jorge Emilio','gonzalez-martinez-jorge-emilio','Jorge Emilio González Martínez','jorge-emilio-gonzalez-martinez',3,' egonzalezm@senado.gob.mx','53-45-30-00 Ext: 3763, 3762.','16/04/1972','Distrito Federal','null','Mayoría Relativa','Quintana Roo','null','null','29/08/2012','Av. Paseo de la Reforma 135, Hemiciclo Piso 03 Oficina 29, Col. Tabacalera, Del. Cuauhtémoc, Cd. de México, C.P. 06030.','Aréchiga Ávila, Jorge ','Licenciatura','Administración y contaduría',' Diputado(a) Local Diputado(a) Federal Senador(a) ','null','null','1'),
('2','senadores/9217800.jpg','Raúl','Gracia Guzmán','Gracia Guzmán Raúl','gracia-guzman-raul','Raúl Gracia Guzmán','raul-gracia-guzman',4,' rgraciag@senado.gob.mx','53-45-30-00 Ext: 3395, 3495, 5440.','20/02/1975','Nuevo León','Monterrey','Primera Minoría','Nuevo León','null','null','29/08/2012','Av. Paseo de la Reforma 135, Hemiciclo Piso 06 Oficina 19, Col. Tabacalera, Del. Cuauhtémoc, Cd. de México, C.P. 06030.','Martínez Montemayor, Baltazar ','Licenciatura','Derecho',' Diputado(a) Federal ','Estudios Legislativos, Primera (C. Senadores) ','null','1'),
('2','senadores/9215832.jpg','Marcela','Guerra Castillo','Guerra Castillo Marcela','guerra-castillo-marcela','Marcela Guerra Castillo','marcela-guerra-castillo',1,'marcela.guerra@senado.gob.mx','53-45-30-00 Ext: 3157.','07/11/1959','Nuevo León','Monterrey','Mayoría Relativa','Nuevo León','null','null','29/08/2012','Av. Paseo de la Reforma 135, Hemiciclo Piso 04 Oficina 25, Col. Tabacalera, Del. Cuauhtémoc, Cd. de México, C.P. 06030.','Salazar Marroquín, Eva Patricia ','Licenciatura','Administración y contaduría',' Diputado(a) Local Diputado(a) Federal ','Relaciones Exteriores, América del Norte (C. Senadores) ','null','1'),
('2','senadores/9217919.jpg','Ana Gabriela','Guevara Espinoza','Guevara Espinoza Ana Gabriela','guevara-espinoza-ana-gabriela','Ana Gabriela Guevara Espinoza','ana-gabriela-guevara-espinoza',5,'gguevara@senado.gob.mx','53-45-30-00 Ext: 5339.','04/03/1977','Sonora','Nogales','Representación Proporcional','N/A','null','null','29/08/2012','Av. Paseo de la Reforma 135, Hemiciclo Piso 05 Oficina 23, Col. Tabacalera, Del. Cuauhtémoc, Cd. de México, C.P. 06030.','Del Castillo Aguilar, María del Rosario ','Pasante/Licenciatura trunca','Comunicación','null','Asuntos Migratorios (C. Senadores) ','null','1'),
('2','senadores/9215532.jpg','Víctor','Hermosillo y Celada','Hermosillo y Celada Víctor','hermosillo-y-celada-victor','Víctor Hermosillo y Celada','victor-hermosillo-y-celada',4,'victor.hermosillo@senado.gob.mx','53-45-30-00 Ext: 3580, 3026, 3027.','28/08/1939','Distrito Federal','México','Mayoría Relativa','Baja California','null','null','29/08/2012','Av. Paseo de la Reforma 135, Hemiciclo Piso 06 Oficina 28, Col. Tabacalera, Del. Cuauhtémoc, Cd. de México, C.P. 06030.','Sánchez Vásquez, Gustavo ','Licenciatura','Arquitectura y diseño','null','De productividad (C. Senadores) ','null','1'),
('2','senadores/9215572.jpg','Ismael Alfredo','Hernández Deras','Hernández Deras Ismael Alfredo','hernandez-deras-ismael-alfredo','Ismael Alfredo Hernández Deras','ismael-alfredo-hernandez-deras',1,'ismaelhdezderas@senado.gob.mx','53-45-30-00 Ext: 3228, 5122.','20/02/1964','Durango','Ciudad del Mezquital','Mayoría Relativa','Durango','null','null','29/08/2012','Av. Paseo de la Reforma 135, Hemiciclo Piso 04 Oficina 26, Col. Tabacalera, Del. Cuauhtémoc, Cd. de México, C.P. 06030.','García Barrón, Óscar ','Licenciatura','Administración y contaduría',' Diputado(a) Local Diputado(a) Federal Senador(a) ','Bicamaral de Seguridad Nacional (H. Congreso de la Unión) ','null','1'),
('2','senadores/9217490.jpg','Lisbeth','Hernández Lecona','Hernández Lecona Lisbeth','hernandez-lecona-lisbeth','Lisbeth Hernández Lecona','lisbeth-hernandez-lecona',1,' lisbeth.hernandez@senado.gob.mx','53-45-30-00 Ext: 3224, 5301.','10/04/1974','Distrito Federal','México','Primera Minoría','Morelos','null','null','29/08/2012','Av. Paseo de la Reforma 135, Hemiciclo Piso 04 Oficina 27, Col. Tabacalera, Del. Cuauhtémoc, Cd. de México, C.P. 06030.','López González, Cecilia Verónica ','Licenciatura','Derecho','null','Para la atención y seguimiento al caso de la empresa Oceanografía S.A. de C.V. (C. Senadores) ','null','1'),
('2','senadores/9215574.jpg','Juana Leticia','Herrera Ale','Herrera Ale Juana Leticia','herrera-ale-juana-leticia','Juana Leticia Herrera Ale','juana-leticia-herrera-ale',1,'leticia.herrera@senado.gob.mx','53-45-30-00 Ext: 3184, 5303.','08/06/1960','Durango','Gómez Palacio','Mayoría Relativa','Durango','null','null','29/08/2012','Av. Paseo de la Reforma 135, Hemiciclo Piso 04 Oficina 28, Col. Tabacalera, Del. Cuauhtémoc, Cd. de México, C.P. 06030.','De la Torre Valdez, Yolanda ','Técnico','null',' Diputado(a) Local Diputado(a) Federal ','Desarrollo Rural (C. Senadores) ','null','1'),
('2','senadores/9215580.jpg','Ana Lilia','Herrera Anzaldo','Herrera Anzaldo Ana Lilia','herrera-anzaldo-ana-lilia','Ana Lilia Herrera Anzaldo','ana-lilia-herrera-anzaldo',1,'analiliaherrera@senado.gob.mx','53-45-30-00 Ext: 3379, 5319.','29/08/1971','Distrito Federal','México','Mayoría Relativa','México','null','null','29/08/2012','Av. Paseo de la Reforma 135, Hemiciclo Piso 04 Oficina 29, Col. Tabacalera, Del. Cuauhtémoc, Cd. de México, C.P. 06030.','Marín Moreno, María Lorena ','Licenciatura','Comunicación',' Diputado(a) Local ','Distrito Federal (C. Senadores) ','null','1'),
('2','senadores/9218235.jpg','Fernando','Herrera Ávila','Herrera Ávila Fernando','herrera-avila-fernando','Fernando Herrera Ávila','fernando-herrera-avila',4,'fernandoh@senado.gob.mx','53-45-30-00 Ext: 3096.','06/08/1968','Tabasco','null','Mayoría Relativa','Aguascalientes','null','null','29/08/2012','Av. Paseo de la Reforma 135, Hemiciclo Piso 06 Oficina 25, Col. Tabacalera, Del. Cuauhtémoc, Cd. de México, C.P. 06030.','González Estrada, Arturo ','Licenciatura','Derecho',' Diputado(a) Local Diputado(a) Federal ','Fomento Económico (C. Senadores) ','null','1'),
('2','senadores/9215895.jpg','Aarón','Irízar López','Irízar López Aarón','irizar-lopez-aaron','Aarón Irízar López','aaron-irizar-lopez',1,'aaron.irizar@senado.gob.mx','53-45-30-00 Ext: 3340.','28/02/1950','Sinaloa','Guamúchil','Mayoría Relativa','Sinaloa','null','null','29/08/2012','Av. Paseo de la Reforma 135, Hemiciclo Piso 04 Oficina 30, Col. Tabacalera, Del. Cuauhtémoc, Cd. de México, C.P. 06030.','Escobar Manjarrez, Germán ','Maestría','Administración y contaduría',' Diputado(a) Local Diputado(a) Federal ','Recursos Hidráulicos (C. Senadores) ','null','1'),
('2','senadores/9215772.jpg','René','Juárez Cisneros','Juárez Cisneros René','juarez-cisneros-rene','René Juárez Cisneros','rene-juarez-cisneros',1,'rene.juarez@senado.gob.mx','53-45-30-00 Ext: 3346.','08/06/1956','Guerrero','Acapulco','Primera Minoría','Guerrero','null','null','29/08/2012','Av. Paseo de la Reforma 135, Hemiciclo Piso 04 Oficina 31, Col. Tabacalera, Del. Cuauhtémoc, Cd. de México, C.P. 06030.','Albarrán Mendoza, Esteban ','Licenciatura','Económico-financiera',' Diputado(a) Federal ','Desarrollo Regional (C. Senadores) ','null','1'),
('2','senadores/9217890.jpg','Héctor','Larios Córdova','Larios Córdova Héctor','larios-cordova-hector','Héctor Larios Córdova','hector-larios-cordova',4,'hlarios@senado.gob.mx','53-45-30-00 Ext: 3699, 3374.','22/12/1954','Jalisco','Guadalajara','Representación Proporcional','N/A','null','null','29/08/2012','Av. Paseo de la Reforma 135, Hemiciclo Piso 6 Oficina 22, Col. Tabacalera, Del. Cuauhtémoc, Cd. de México, C.P. 06030.','García Corrales, Agustina Eduwiges ','Maestría','Administración y contaduría',' Diputado(a) Local Diputado(a) Federal Senador(a) ','Comercio y Fomento Industrial (C. Senadores) ','null','1'),
('2','senadores/9215540.jpg','Jorge Luis','Lavalle Maury','Lavalle Maury Jorge Luis','lavalle-maury-jorge-luis','Jorge Luis Lavalle Maury','jorge-luis-lavalle-maury',4,'jorge.lavalle@senado.gob.mx','53-45-30-00 Ext: 3216.','16/07/1975','Campeche','Campeche','Primera Minoría','Campeche','null','null','29/08/2012','Av. Paseo de la Reforma 135, Hemiciclo Piso 6 Oficina 2, Col. Tabacalera, Del. Cuauhtémoc, Cd. de México, C.P. 06030.','Terrazo Blanco, María de los Ángeles ','Maestría','Económico-financiera','null','Primera Comisión de Trabajo: Gobernación, Puntos Constitucionales y Justicia (Com. Perm.) ','null','1'),
('2','senadores/9215899.jpg','Francisco Salvador','López Brito','López Brito Francisco Salvador','lopez-brito-francisco-salvador','Francisco Salvador López Brito','francisco-salvador-lopez-brito',4,'flopez.brito@pan.senado.gob.mx','53-45-30-00 Ext: 3106, 5168.','04/10/1949','Sinaloa','null','Primera Minoría','Sinaloa','null','null','29/08/2012','Av. Paseo de la Reforma 135, Hemiciclo Piso 6 Oficina 4, Col. Tabacalera, Del. Cuauhtémoc, Cd. de México, C.P. 06030.','Frank Aguilar, Celia Catalina ','Maestría','Ciencias de la salud',' Diputado(a) Local Diputado(a) Federal ','Pesca y Acuacultura (C. Senadores) ','null','1'),
('2','senadores/9218048.jpg','Adán Augusto','López Hernández','López Hernández Adán Augusto','lopez-hernandez-adan-augusto','Adán Augusto López Hernández','adan-augusto-lopez-hernandez',2,'adanaugusto@senado.gob.mx',' 53-45-30-00 Ext.: 3134, 3308.','24/09/1963','Tabasco','Paraíso','Mayoría Relativa','Tabasco','null','null','29/08/2012','Av. Paseo de la Reforma 135, Hemiciclo Piso 3 Oficina 21, Col. Tabacalera, Del. Cuauhtémoc, Cd. de México, C.P. 06030.','Merino Campos, Carlos Manuel ','Maestría','Ciencias políticas y sociales',' Diputado(a) Local Diputado(a) Federal ','Población y Desarrollo (C. Senadores) ','null','1'),
('2','senadores/9215856.jpg','Javier','Lozano Alarcón','Lozano Alarcón Javier','lozano-alarcon-javier','Javier Lozano Alarcón','javier-lozano-alarcon',4,'javierlozano@senado.gob.mx','53-45-30-00 Ext: 3219.','21/11/1962','Puebla','Puebla','Primera Minoría','Puebla','null','null','29/08/2012','Av. Paseo de la Reforma 135, Hemiciclo Piso 6 Oficina 24, Col. Tabacalera, Del. Cuauhtémoc, Cd. de México, C.P. 06030.','Leal Islas, Irma Patricia ','Licenciatura','Derecho','null','Comunicaciones y Transportes (C. Senadores) ','null','1'),
('2','senadores/9215564.jpg','Patricio','Martínez García','Martínez García Patricio','martinez-garcia-patricio','Patricio Martínez García','patricio-martinez-garcia',1,'patricio@senado.gob.mx','53-45-30-00 Ext: 3552.','17/03/1948','Chihuahua','Chihuahua','Mayoría Relativa','Chihuahua','null','null','29/08/2012','Av. Paseo de la Reforma 135, Hemiciclo Piso 4 Oficina 32, Col. Tabacalera, Del. Cuauhtémoc, Cd. de México, C.P. 06030.','Beltrán Montes, Israel ','Licenciatura','Administración y contaduría',' Diputado(a) Federal ','Comité para el Fomento de la Competitividad (C. Senadores) ','null','1'),
('2','senadores/9215794.jpg','José María','Martínez Martínez','Martínez Martínez José María','martinez-martinez-jose-maria','José María Martínez Martínez','jose-maria-martinez-martinez',4,'josemariamartinez@senado.gob.mx','53-45-30-00 Ext: 3472.','09/06/1972','Jalisco','Valle de Guadalupe','Primera Minoría','Jalisco','null','null','29/08/2012','Av. Paseo de la Reforma 135, Hemiciclo Piso 6 Oficina 18, Col. Tabacalera, Del. Cuauhtémoc, Cd. de México, C.P. 06030.','Hernández Lozano, Juana Elvira ','Licenciatura','Derecho',' Diputado(a) Local ','Familia y Desarrollo Humano (C. Senadores) ','null','1'),
('2','senadores/9218050.jpg','Fernando Enrique','Mayans Canabal','Mayans Canabal Fernando Enrique','mayans-canabal-fernando-enrique','Fernando Enrique Mayans Canabal','fernando-enrique-mayans-canabal',2,'fmayans@senado.gob.mx','53-45-30-00 Ext.: 3194, 5290.','05/04/1963','null','null','Mayoría Relativa','Tabasco','null','null','29/08/2012','Av. Paseo de la Reforma 135, Hemiciclo Piso 3 Oficina 5, Col. Tabacalera, Del. Cuauhtémoc, Cd. de México, C.P. 06030.','Morales Romero, Mario Enrique ','Licenciatura','Ciencias de la salud',' Diputado(a) Local Diputado(a) Federal ','Seguridad Social (C. Senadores) ','null','1'),
('2','senadores/9215562.jpg','Luis Armando','Melgar Bravo','Melgar Bravo Luis Armando','melgar-bravo-luis-armando','Luis Armando Melgar Bravo','luis-armando-melgar-bravo',3,'lamelgar@senado.gob.mx',' 53-45-30-00 Ext: 5434, 5435.','21/08/1966','Chiapas','Tapachula','Mayoría Relativa','Chiapas','null','null','29/08/2012','Av. Paseo de la Reforma 135, Hemiciclo Piso 3 Oficina 26, Col. Tabacalera, Del. Cuauhtémoc, Cd. de México, C.P. 06030.','Gómez Aranda, Juan Carlos ','Maestría','Derecho','null','De productividad (C. Senadores) ','null','1'),
('2','senadores/9215526.jpg','Carlos','Mendoza Davis','Mendoza Davis Carlos','mendoza-davis-carlos','Carlos Mendoza Davis','carlos-mendoza-davis',4,'cmendozadavis@senado.gob.mx','53-45-30-00 Ext: 3082, 3081, 3570.','21/04/1969','Distrito Federal','Miguel Hidalgo','Primera Minoría','Baja California Sur','null','null','29/08/2012','Av. Paseo de la Reforma 135, Hemiciclo Piso 6 Oficina 32, Col. Tabacalera, Del. Cuauhtémoc, Cd. de México, C.P. 06030.','Fernández Sánchez Navarro, Juan Alejandro ','Maestría','Ciencias políticas y sociales','null','Hacienda y Crédito Público (C. Senadores) ','null','1'),
('2','senadores/9215891.jpg','Sonia','Mendoza Díaz','Mendoza Díaz Sonia','mendoza-diaz-sonia','Sonia Mendoza Díaz','sonia-mendoza-diaz',4,'sonia.mendoza@senado.gob.mx','53-45-30-00 Ext: 3403.','22/02/1969','San Luis Potosí','null','Mayoría Relativa','San Luis Potosí','null','null','29/08/2012','Av. Paseo de la Reforma 135, Hemiciclo Piso 5 Oficina 30, Col. Tabacalera, Del. Cuauhtémoc, Cd. de México, C.P. 06030.','Montes Colunga, Vianey ','Licenciatura','Derecho',' Diputado(a) Local Diputado(a) Federal ','Estudios Legislativos, Primera (C. Senadores) ','null','1'),
('2','senadores/9217915.jpg','Iris Vianey','Mendoza Mendoza','Mendoza Mendoza Iris Vianey','mendoza-mendoza-iris-vianey','Iris Vianey Mendoza Mendoza','iris-vianey-mendoza-mendoza',2,'imendozam@senado.gob.mx','53-45-30-00 Ext.: 3253, 5161.','26/08/1981','Michoacán','Apatzingán','Representación Proporcional','N/A','null','null','29/08/2012','Av. Paseo de la Reforma 135, Hemiciclo Piso 3 Oficina 14, Col. Tabacalera, Del. Cuauhtémoc, Cd. de México, C.P. 06030.','Corral Arriaga, Olivia ','Licenciatura','Derecho','null','Comunicaciones y Transportes (C. Senadores) ','null','1'),
('2','senadores/9215566.jpg','Lilia Guadalupe','Merodio Reza','Merodio Reza Lilia Guadalupe','merodio-reza-lilia-guadalupe','Lilia Guadalupe Merodio Reza','lilia-guadalupe-merodio-reza',1,'lilia.merodio@senado.gob.mx','53-45-30-00 Ext: 3046, 5309.','19/09/1978','Chihuahua','null','Mayoría Relativa','Chihuahua','null','null','29/08/2012','Av. Paseo de la Reforma 135, Hemiciclo Piso 5 Oficina 17, Col. Tabacalera, Del. Cuauhtémoc, Cd. de México, C.P. 06030.','Terrazas Porras, Adriana ','Licenciatura','Administración y contaduría',' Diputado(a) Federal ','Juventud y Deporte (C. Senadores) ','null','1'),
('2','senadores/9218061.jpg','David','Monreal Ávila','Monreal Ávila David','monreal-avila-david','David Monreal Ávila','david-monreal-avila',5,'david.monreal@senado.gob.mx','53-45-30-00 Ext: 3054.','22/03/1966','Zacatecas','Fresnillo','Primera Minoría','Zacatecas','null','null','29/08/2012','Av. Paseo de la Reforma 135, Hemiciclo Piso 05 Oficina 24, Col. Tabacalera, Del. Cuauhtémoc, Cd. de México, C.P. 06030.','Menchaca Medrano, Héctor Adrián ','Licenciatura','Derecho','null','Jurisdiccional (C. Senadores) ','null','1'),
('2','senadores/9218040.jpg','Raúl','Morón Orozco','Morón Orozco Raúl','moron-orozco-raul','Raúl Morón Orozco','raul-moron-orozco',2,'rmoron@senado.gob.mx','53-45-30-00 Ext.: 3203, 5143, 5225.','25/10/1958','Michoacán','Chucándiro','Primera Minoría','Michoacán','null','null','29/08/2012','Av. Paseo de la Reforma 135, Hemiciclo Piso 03 Oficina 13, Col. Tabacalera, Del. Cuauhtémoc, Cd. de México, C.P. 06030.','Borreguín González, Luciano ','Licenciatura','Ciencias de la educación',' Diputado(a) Local ','De desarrollo del litoral del pacífico (C. Senadores) ','null','1'),
('2','senadores/9217601.jpg','Armando','Neyra Chávez','Neyra Chávez Armando','neyra-chavez-armando','Armando Neyra Chávez','armando-neyra-chavez',1,'aneyra@senado.gob.mx','53-45-30-00 Ext: 3088, 3567.','18/02/1937','México','Toluca','Representación Proporcional','N/A','null','null','29/08/2012','Av. Paseo de la Reforma 135, Hemiciclo Piso 5 Oficina 2, Col. Tabacalera, Del. Cuauhtémoc, Cd. de México, C.P. 06030.','Carazo Preciado, José Luis ','Primaria','null',' Diputado(a) Local Diputado(a) Federal ','Distrito Federal (C. Senadores) ','null','1'),
('2','senadores/9215802.jpg','José Ascención','Orihuela Bárcenas','Orihuela Bárcenas José Ascención','orihuela-barcenas-jose-ascencion','José Ascención Orihuela Bárcenas','jose-ascencion-orihuela-barcenas',1,'jose.orihuela@senado.gob.mx','53-45-30-00 Ext: 3320, 3605.','19/03/1952','Michoacán','Zitácuaro','Mayoría Relativa','Michoacán','null','null','29/08/2012','Av. Paseo de la Reforma 135, Hemiciclo Piso 5 Oficina 3, Col. Tabacalera, Del. Cuauhtémoc, Cd. de México, C.P. 06030.','Trujillo Íñiguez, Agustín ','Licenciatura','Ingeniería',' Diputado(a) Local Diputado(a) Federal Senador(a) ','Fomento Económico (C. Senadores) ','null','1'),
('2','senadores/9218234.jpg','Martín','Orozco Sandoval','Orozco Sandoval Martín','orozco-sandoval-martin','Martín Orozco Sandoval','martin-orozco-sandoval',4,'morozco@senado.gob.mx',' 53-45-30-00 Ext: 3328.','25/06/1967','Jalisco','Santa María de los Ángeles','Mayoría Relativa','Aguascalientes','null','null','29/08/2012','Av. Paseo de la Reforma 135, Hemiciclo Piso 6 Oficina 9, Col. Tabacalera, Del. Cuauhtémoc, Cd. de México, C.P. 06030.','Santana García, José de Jesús ','Licenciatura','Administración y contaduría',' Diputado(a) Local ','Federalismo (C. Senadores) ','null','1'),
('2','senadores/9217887.jpg','Ma. del Pilar','Ortega Martínez','Ortega Martínez Ma. del Pilar','ortega-martinez-ma.-del-pilar','Ma. del Pilar Ortega Martínez','ma.-del-pilar-ortega-martinez',4,'pilar.ortega@pan.senado.gob.mx','53-45-30-00 Ext: 3024, 5174.','29/06/1968','null','null','Representación Proporcional','N/A','null','null','09/10/2012','Av. Paseo de la Reforma 135, Hemiciclo Piso 6 Oficina 12, Col. Tabacalera, Del. Cuauhtémoc, Cd. de México, C.P. 06030','null','Maestría','Administración y contaduría',' Diputado(a) Federal ','Estudios Legislativos, Segunda (C. Senadores) ','Senador Alonso José Ricardo Lujambio Irazábal ','1'),
('2','senadores/9215947.jpg','Maki Esther','Ortiz Domínguez','Ortiz Domínguez Maki Esther','ortiz-dominguez-maki-esther','Maki Esther Ortiz Domínguez','maki-esther-ortiz-dominguez',4,'maki.ortiz@senado.gob.mx','53-45-30-00 Ext: 5440, 3093.','23/09/1962','Tamaulipas','Reynosa','Mayoría Relativa','Tamaulipas','null','null','29/08/2012','Av. Paseo de la Reforma 135, Hemiciclo Piso 6 Oficina 17, Col. Tabacalera, Del. Cuauhtémoc, Cd. de México, C.P. 06030.','García García, Andrea ','Maestría','Ciencias de la salud',' Diputado(a) Federal ','Salud (C. Senadores) ','null','1'),
('2','senadores/9217607.jpg','Graciela','Ortiz González','Ortiz González Graciela','ortiz-gonzalez-graciela','Graciela Ortiz González','graciela-ortiz-gonzalez',1,'graciela.ortiz@senado.gob.mx','53-45-30-00 Ext: 3497, 5203.','29/11/1954','Chihuahua','Chihuahua','Representación Proporcional','N/A','null','null','29/08/2012','Av. Paseo de la Reforma 135, Hemiciclo Piso 5 Oficina 4, Col. Tabacalera, Del. Cuauhtémoc, Cd. de México, C.P. 06030.','Zapata Lucero, Ana Georgina ','Licenciatura','Derecho',' Diputado(a) Local Diputado(a) Federal ','Estudios Legislativos (C. Senadores) ','null','1'),
('2','senadores/9217911.jpg','María de los Dolores','Padierna Luna','Padierna Luna María de los Dolores','padierna-luna-maria-de-los-dolores','María de los Dolores Padierna Luna','maria-de-los-dolores-padierna-luna',2,'dolorespadiernaluna@senado.gob.mx',' 53-45-30-00 Ext.: 3545, 5196.','08/05/1958','Guanajuato','Dolores Hidalgo','Representación Proporcional','N/A','null','null','29/08/2012','Av. Paseo de la Reforma 135, Hemiciclo Piso 3 Oficina 4, Col. Tabacalera, Del. Cuauhtémoc, Cd. de México, C.P. 06030.','Ferrer del Río, Emma del Pilar ','Licenciatura','Económico-financiera',' Diputado(a) Local Diputado(a) Federal ','Para la atención y seguimiento al caso de la empresa Oceanografía S.A. de C.V. (C. Senadores) ','null','1'),
('2','senadores/9218101.jpg','Martha','Palafox Gutiérrez','Palafox Gutiérrez Martha','palafox-gutierrez-martha','Martha Palafox Gutiérrez','martha-palafox-gutierrez',5,'martha.palafox@senado.gob.mx','53-45-30-00 Ext: 3113.','23/02/1949','Tlaxcala','Huamantla','Mayoría Relativa','Tlaxcala','null','null','29/08/2012','Av. Paseo de la Reforma 135, Hemiciclo Piso 05 Oficina 25, Col. Tabacalera, Del. Cuauhtémoc, Cd. de México, C.P. 06030.','González Rodríguez, María de los Ángeles Verónica ','Doctorado','Derecho',' Diputado(a) Federal ','Agricultura y Ganadería (C. Senadores) ','null','1'),
('2','senadores/9215901.jpg','Claudia Artemiza','Pavlovich Arellano','Pavlovich Arellano Claudia Artemiza','pavlovich-arellano-claudia-artemiza','Claudia Artemiza Pavlovich Arellano','claudia-artemiza-pavlovich-arellano',1,'claudiapavlovich@senado.gob.mx','53-45-30-00 Ext: 3003, 3576.','17/06/1969','Sonora','Magdalena de Kino','Mayoría Relativa','Sonora','null','null','29/08/2012','Av. Paseo de la Reforma 135, Hemiciclo Piso 5 Oficina 5, Col. Tabacalera, Del. Cuauhtémoc, Cd. de México, C.P. 06030.','Acosta Islas, Anabel ','Licenciatura','Derecho',' Diputado(a) Local ','Comunicaciones y Transportes (C. Senadores) ','null','1'),
('2','senadores/9218080.jpg','Isidro','Pedraza Chávez','Pedraza Chávez Isidro','pedraza-chavez-isidro','Isidro Pedraza Chávez','isidro-pedraza-chavez',2,'isidro.pedraza@senado.gob.mx',' 53-45-30-00 Ext.: 3111, 5300.','15/05/1959','Hidalgo','Jacala de Ledezma','Primera Minoría','Hidalgo','null','null','29/08/2012','Av. Paseo de la Reforma 135, Hemiciclo Piso 3 Oficina 15, Col. Tabacalera, Del. Cuauhtémoc, Cd. de México, C.P. 06030.','Aparicio Barrios, Arturo ','Licenciatura','Ciencias de la educación',' Diputado(a) Local Diputado(a) Federal ','Autosuficiencia Alimentaria (C. Senadores) ','null','1'),
('2','senadores/9215893.jpg','César Octavio','Pedroza Gaitán','Pedroza Gaitán César Octavio','pedroza-gaitan-cesar-octavio','César Octavio Pedroza Gaitán','cesar-octavio-pedroza-gaitan',4,'octavio.pedroza@senado.gob.mx','53-45-30-00 Ext: 3042.','20/05/1959','San Luis Potosí','San Luis Potosí','Mayoría Relativa','San Luis Potosí','null','null','29/08/2012','Av. Paseo de la Reforma 135, Hemiciclo Piso 6 Oficina 11, Col. Tabacalera, Del. Cuauhtémoc, Cd. de México, C.P. 06030.','Paz Zúñiga, Jacinto ','Maestría','Administración y contaduría',' Diputado(a) Federal ','Desarrollo Municipal (C. Senadores) ','null','1'),
('2','senadores/9215780.jpg','David','Penchyna Grub','Penchyna Grub David','penchyna-grub-david','David Penchyna Grub','david-penchyna-grub',1,'dpenchyna@senado.gob.mx','53-45-30-00 Ext: 3166, 3565.','10/03/1965','Hidalgo','Pachuca','Mayoría Relativa','Hidalgo','null','null','29/08/2012','Av. Paseo de la Reforma 135, Hemiciclo Piso 5 Oficina 6, Col. Tabacalera, Del. Cuauhtémoc, Cd. de México, C.P. 06030.','Dorantes Martínez, Carmen ','Licenciatura','Derecho',' Diputado(a) Federal ','Energía (C. Senadores) ','null','1'),
('2','senadores/9215836.jpg','Eviel','Pérez Magaña','Pérez Magaña Eviel','perez-magana-eviel','Eviel Pérez Magaña','eviel-perez-magana',1,'eviel.perez@senado.gob.mx','53-45-30-00 Ext: 3045, 5068.','06/04/1963','Oaxaca','Tuxtepec','Primera Minoría','Oaxaca','null','null','29/08/2012','Av. Paseo de la Reforma 135, Hemiciclo Piso 5 Oficina 7, Col. Tabacalera, Del. Cuauhtémoc, Cd. de México, C.P. 06030.','Toledo Luis, Jorge ','Licenciatura','Administración y contaduría',' Diputado(a) Federal ','Asuntos Indígenas (C. Senadores) ','null','1'),
('2','senadores/9215804.jpg','María del Rocío','Pineda Gochi','Pineda Gochi María del Rocío','pineda-gochi-maria-del-rocio','María del Rocío Pineda Gochi','maria-del-rocio-pineda-gochi',1,'rocio.pineda@senado.gob.mx','53-45-30-00 Ext: 3087, 5332.','08/09/1955','Michoacán','Zacapu','Mayoría Relativa','Michoacán','null','null','29/08/2012','Av. Paseo de la Reforma 135, Hemiciclo Piso 5 Oficina 8, Col. Tabacalera, Del. Cuauhtémoc, Cd. de México, C.P. 06030.','Cano Higuera, Teresita Isabel ','Maestría','Administración y contaduría','null','Relaciones Exteriores, América Latina y el Caribe (C. Senadores) ','null','1'),
('2','senadores/9215536.jpg','Raúl Aarón','Pozos Lanz','Pozos Lanz Raúl Aarón','pozos-lanz-raul-aaron','Raúl Aarón Pozos Lanz','raul-aaron-pozos-lanz',1,'rpozos@senado.gob.mx','53-45-30-00 Ext: 3490, 5205.','30/06/1967','null','null','Mayoría Relativa','Campeche','null','null','29/08/2012','Av. Paseo de la Reforma 135, Hemiciclo Piso 5 Oficina 9, Col. Tabacalera, Del. Cuauhtémoc, Cd. de México, C.P. 06030.','. Cuevas, Sonia Jaqueline ','Maestría','Ciencias políticas y sociales',' Diputado(a) Local ','Administración (C. Senadores) ','null','1'),
('2','senadores/9215556.jpg','Jorge Luis','Preciado Rodríguez','Preciado Rodríguez Jorge Luis','preciado-rodriguez-jorge-luis','Jorge Luis Preciado Rodríguez','jorge-luis-preciado-rodriguez',4,' jpreciado@senado.gob.mx','53-45-30-00 Ext: 3029, 3030.','09/08/1972','Colima','Coquimatlán','Primera Minoría','Colima','null','null','29/08/2012','Av. Paseo de la Reforma 135, Hemiciclo Piso 6 Oficina 15, Col. Tabacalera, Del. Cuauhtémoc, Cd. de México, C.P. 06030.','Cobián Chávez, Irma Zulema ','Licenciatura','Derecho',' Diputado(a) Local Diputado(a) Federal ','Comité Directivo del Instituto Belisario Domínguez (C. Senadores) ','null','1'),
('2','senadores/9218057.jpg','Carlos Alberto','Puente Salas','Puente Salas Carlos Alberto','puente-salas-carlos-alberto','Carlos Alberto Puente Salas','carlos-alberto-puente-salas',3,'carlospuente@senado.gob.mx','53-45-30-00 Ext: 3563, 4116, 4115.','16/12/1971','Aguascalientes','Aguascalientes','Mayoría Relativa','Zacatecas','null','null','29/08/2012','Av. Paseo de la Reforma 135, Hemiciclo Piso 03 Oficina 24, Col. Tabacalera, Del. Cuauhtémoc, Cd. de México, C.P. 06030.','Rangel Frausto, Octavio ','Preparatoria','null',' Diputado(a) Federal ','Juventud y Deporte (C. Senadores) ','null','1'),
('2','senadores/9218036.jpg','Socorro Sofío','Ramírez Hernández','Ramírez Hernández Socorro Sofío','ramirez-hernandez-socorro-sofio','Socorro Sofío Ramírez Hernández','socorro-sofio-ramirez-hernandez',2,'sofioramirez@senado.gob.mx','53-45-30-00 Ext.: 3133, 5269.','27/06/1967','Guerrero','Tlalixtaquilla','Mayoría Relativa','Guerrero','null','null','29/08/2012','Av. Paseo de la Reforma 135, Hemiciclo Piso 3 Oficina 10, Col. Tabacalera, Del. Cuauhtémoc, Cd. de México, C.P. 06030.','Medrano Baza, Misael ','Licenciatura','Derecho',' Diputado(a) Local Diputado(a) Federal ','De zonas marginadas (C. Senadores) ','null','1'),
('2','senadores/9217970.jpg','Itzel Sarahí','Ríos de la Mora','Ríos de la Mora Itzel Sarahí','rios-de-la-mora-itzel-sarahi','Itzel Sarahí Ríos de la Mora','itzel-sarahi-rios-de-la-mora',1,'itzel.rios@senado.gob.mx','53-45-30-00 Ext: 5437, 5436.','31/08/1978','Colima','Tecomán','Mayoría Relativa','Colima','null','null','29/08/2012','Av. Paseo de la Reforma 135, Hemiciclo Piso 03 Oficina 27, Col. Tabacalera, Del. Cuauhtémoc, Cd. de México, C.P. 06030.','Galindo Matías, Norma Alicia ','Maestría','Ciencias políticas y sociales',' Diputado(a) Local ','De rescate y gestión de la mexicanidad (C. Senadores) ','null','1'),
('2','senadores/9218034.jpg','Armando','Ríos Piter','Ríos Piter Armando','rios-piter-armando','Armando Ríos Piter','armando-rios-piter',2,'armando.rios@senado.gob.mx','53-45-30-00 Ext.: 3272.','21/02/1973','Guerrero','Tecpan de Galeana','Mayoría Relativa','Guerrero','null','null','29/08/2012','Av. Paseo de la Reforma 135, Hemiciclo Piso 3 Oficina 17, Col. Tabacalera, Del. Cuauhtémoc, Cd. de México, C.P. 06030.','Cesareo Guzmán, Celestino ','Maestría','Ciencias políticas y sociales',' Diputado(a) Federal ','Comercio y Fomento Industrial (C. Senadores) ','null','1'),
('2','senadores/9218025.jpg','Zoe Alejandro','Robledo Aburto','Robledo Aburto Zoe Alejandro','robledo-aburto-zoe-alejandro','Zoe Alejandro Robledo Aburto','zoe-alejandro-robledo-aburto',2,'zoerobledo@senado.gob.mx','53-45-30-00 Ext.: 3273, 5198.','09/01/1979','Chiapas','Tuxtla Gutiérrez','Primera Minoría','Chiapas','null','null','29/08/2012','Av. Paseo de la Reforma 135, Hemiciclo Piso 3 Oficina 18, Col. Tabacalera, Del. Cuauhtémoc, Cd. de México, C.P. 06030.','Esquinca Cano, Froilán ','Licenciatura','Ciencias políticas y sociales',' Diputado(a) Local ','Biblioteca y Asuntos Editoriales (C. Senadores) ','null','1'),
('2','senadores/9218090.jpg','Ángel Benjamín','Robles Montoya','Robles Montoya Ángel Benjamín','robles-montoya-angel-benjamin','Ángel Benjamín Robles Montoya','angel-benjamin-robles-montoya',2,'benjaminrobles@senado.gob.mx',' 53-45-30-00 Ext.: 3118, 3117, 5132.','08/11/1959','Oaxaca','Matías Romero','Mayoría Relativa','Oaxaca','null','null','29/08/2012','Av. Paseo de la Reforma 135, Hemiciclo Piso 3 Oficina 1, Col. Tabacalera, Del. Cuauhtémoc, Cd. de México, C.P. 06030.','Hernández Ruiz, Félix Benjamín ','Licenciatura','Económico-financiera',' Diputado(a) Local ','Sur  sureste (C. Senadores) ','null','1'),
('2','senadores/9217888.jpg','Laura Angélica','Rojas Hernández','Rojas Hernández Laura Angélica','rojas-hernandez-laura-angelica','Laura Angélica Rojas Hernández','laura-angelica-rojas-hernandez',4,' laura.rojas@senado.gob.mx','53-45-30-00 Ext: 5250, 3808, 3092.','26/12/1975','Distrito Federal','Azcapotzalco','Representación Proporcional','N/A','null','null','29/08/2012','Av. Paseo de la Reforma 135, Hemiciclo Piso 5 Oficina 29, Col. Tabacalera, Del. Cuauhtémoc, Cd. de México, C.P. 06030.','Cortés Álvarez, Adriana ','Licenciatura','Ciencias políticas y sociales',' Diputado(a) Federal ','Relaciones Exteriores, Organismos Internacionales (C. Senadores) ','null','1'),
('2','senadores/9217382.jpg','Mely','Romero Celis','Romero Celis Mely','romero-celis-mely','Mely Romero Celis','mely-romero-celis',1,'mely.romero@senado.gob.mx','53-45-30-00 Ext: 5349, 3481.','12/09/1977','Colima','Cuauhtémoc','Mayoría Relativa','Colima','null','null','29/08/2012','Av. Paseo de la Reforma 135, Hemiciclo Piso 5 Oficina 10, Col. Tabacalera, Del. Cuauhtémoc, Cd. de México, C.P. 06030.','Ceballos Llerenas, Hilda ','Maestría','Ciencias de la educación',' Diputado(a) Local ','Desarrollo Municipal (C. Senadores) ','null','1'),
('2','senadores/9217609.jpg','Carlos Antonio','Romero Deschamps','Romero Deschamps Carlos Antonio','romero-deschamps-carlos-antonio','Carlos Antonio Romero Deschamps','carlos-antonio-romero-deschamps',1,'carlos.romero@senado.gob.mx','53-45-30-00 Ext: 5442, 3028.','17/01/1944','Tamaulipas','Tampico','Representación Proporcional','N/A','null','null','29/08/2012','Av. Paseo de la Reforma 135, Hemiciclo Piso 5 Oficina 11, Col. Tabacalera, Del. Cuauhtémoc, Cd. de México, C.P. 06030.','Serrano Escobar, Enrique ','Licenciatura','Administración y contaduría',' Diputado(a) Federal Senador(a) ','Defensa Nacional (C. Senadores) ','null','1'),
('2','senadores/9215588.jpg','Juan Carlos','Romero Hicks','Romero Hicks Juan Carlos','romero-hicks-juan-carlos','Juan Carlos Romero Hicks','juan-carlos-romero-hicks',4,'romero.hicks@senado.gob.mx','53-45-30-00 Ext: 3301, 5360, 5218.','10/12/1955','Guanajuato','Guanajuato','Mayoría Relativa','Guanajuato','null','null','29/08/2012','Av. Paseo de la Reforma 135, Hemiciclo Piso 6 Oficina 21, Col. Tabacalera, Del. Cuauhtémoc, Cd. de México, C.P. 06030.','Villegas Nava, Leticia ','Maestría','Administración y contaduría','null','Educación (C. Senadores) ','null','1'),
('2','senadores/9218229.jpg','Adolfo','Romero Lainas','Romero Lainas Adolfo','romero-lainas-adolfo','Adolfo Romero Lainas','adolfo-romero-lainas',2,'adolfo.romero@senado.gob.mx',' 53-45-30-00 Ext.: 3251, 5228.','12/10/1958','Oaxaca','Tuxtepec','Mayoría Relativa','Oaxaca','null','null','29/08/2012','Av. Paseo de la Reforma 135, Hemiciclo Piso 3 Oficina 20, Col. Tabacalera, Del. Cuauhtémoc, Cd. de México, C.P. 06030.','Velasco Román, Silverio de Jesús ','Licenciatura','Ciencias de la salud','null','Bicamaral del Sistema de Bibliotecas del Congreso de la Unión (H. Congreso de la Unión) ','null','1'),
('2','senadores/9218233.jpg','Miguel','Romo Medina','Romo Medina Miguel','romo-medina-miguel','Miguel Romo Medina','miguel-romo-medina',1,'miguel.romo@senado.gob.mx','53-45-30-00 Ext: 3463, 5206.','19/01/1949','Aguascalientes','Aguascalientes','Primera Minoría','Aguascalientes','null','null','29/08/2012','Av. Paseo de la Reforma 135, Hemiciclo Piso 5 Oficina 12, Col. Tabacalera, Del. Cuauhtémoc, Cd. de México, C.P. 06030.','Rocha Álvarez, Jesús Eduardo ','Licenciatura','Derecho',' Diputado(a) Local ','Justicia (C. Senadores) ','null','1'),
('2','senadores/9215538.jpg','Óscar Román','Rosas González','Rosas González Óscar Román','rosas-gonzalez-oscar-roman','Óscar Román Rosas González','oscar-roman-rosas-gonzalez',1,'oscarrosas@senado.gob.mx','53-45-30-00 Ext: 5448, 3501.','14/09/1968','Campeche','Ciudad del Carmen','Mayoría Relativa','Campeche','null','null','29/08/2012','Av. Paseo de la Reforma 135, Hemiciclo Piso 5 Oficina 13, Col. Tabacalera, Del. Cuauhtémoc, Cd. de México, C.P. 06030.','Salinas Balam, Víctor ','Doctorado','Ciencias políticas y sociales',' Diputado(a) Local Diputado(a) Federal ','Ciencia y Tecnología (C. Senadores) ','null','1'),
('2','senadores/9215524.jpg','Ernesto','Ruffo Appel','Ruffo Appel Ernesto','ruffo-appel-ernesto','Ernesto Ruffo Appel','ernesto-ruffo-appel',4,'ernesto.ruffo@senado.gob.mx','53-45-30-00 Ext: 5217, 5359, 3628.','25/07/1952','null','null','Mayoría Relativa','Baja California','null','null','29/08/2012','Av. Paseo de la Reforma 135, Hemiciclo Piso 6 Oficina 21, Col. Tabacalera, Del. Cuauhtémoc, Cd. de México, C.P. 06030.','Lutteroth del Riego, Héctor Askan ','Licenciatura','Administración y contaduría','null','Asuntos Fronterizos Norte (C. Senadores) ','null','1'),
('2','senadores/9215548.jpg','Luis Fernando','Salazar Fernández','Salazar Fernández Luis Fernando','salazar-fernandez-luis-fernando','Luis Fernando Salazar Fernández','luis-fernando-salazar-fernandez',4,' lfsalazar@senado.gob.mx','53-45-30-00 Ext: 3031.','18/11/1977','Coahuila','Torreón','Mayoría Relativa','Coahuila','null','null','29/08/2012','Av. Paseo de la Reforma 135, Hemiciclo Piso 6 Oficina 7, Col. Tabacalera, Del. Cuauhtémoc, Cd. de México, C.P. 06030.','Herrera Guajardo, Laura Guadalupe ','Licenciatura','Derecho',' Diputado(a) Local ','Desarrollo Social (C. Senadores) ','null','1'),
('2','senadores/9218084.jpg','Rabindranath','Salazar Solorio','Salazar Solorio Rabindranath','salazar-solorio-rabindranath','Rabindranath Salazar Solorio','rabindranath-salazar-solorio',2,'rabindranath.salazar@senado.gob.mx','53-45-30-00 Ext.: 3123, 3124, 3554.','02/06/1968','Morelos','Jiutepec','Mayoría Relativa','Morelos','null','null','29/08/2012','Av. Paseo de la Reforma 135, Hemiciclo Piso 3 Oficina 11, Col. Tabacalera, Del. Cuauhtémoc, Cd. de México, C.P. 06030.','Lucía Espejo, Miguel Enrique ','Licenciatura','Administración y contaduría',' Diputado(a) Local ','Relaciones Exteriores, Europa (C. Senadores) ','null','1'),
('2','senadores/9217082.jpg','María Lucero','Saldaña Pérez','Saldaña Pérez María Lucero','saldana-perez-maria-lucero','María Lucero Saldaña Pérez','maria-lucero-saldana-perez',1,'lucero.saldana@senado.gob.mx','53-45-30-00 Ext: 3588, 3141.','18/01/1957','Puebla','Puebla','Mayoría Relativa','Puebla','null','null','29/08/2012','Av. Paseo de la Reforma 135, Hemiciclo Piso 5 Oficina 14, Col. Tabacalera, Del. Cuauhtémoc, Cd. de México, C.P. 06030.','Ronquillo Onofre, Minerva ','Doctorado','Derecho',' Diputado(a) Local Diputado(a) Federal Senador(a) ','Relaciones Exteriores, Organismos No Gubernamentales (C. Senadores) ','null','1'),
('2','senadores/9217927.jpg','Ninfa Clara','Salinas Sada','Salinas Sada Ninfa Clara','salinas-sada-ninfa-clara','Ninfa Clara Salinas Sada','ninfa-clara-salinas-sada',3,'ninfa.salinas@senado.gob.mx','53-45-30-00 Ext: 3151.','01/05/1980','Distrito Federal','null','Representación Proporcional','N/A','null','null','29/08/2012','Av. Paseo de la Reforma 135, Hemiciclo Piso Oficina , Col. Tabacalera, Del. Cuauhtémoc, Cd. de México, C.P. 06030.','Arzaluz Alonso, Alma Lucía ','Licenciatura','Comunicación',' Diputado(a) Federal ','Medio Ambiente y Recursos Naturales (C. Senadores) ','null','1'),
('2','senadores/9217605.jpg','Gerardo','Sánchez García','Sánchez García Gerardo','sanchez-garcia-gerardo','Gerardo Sánchez García','gerardo-sanchez-garcia',1,'gerardo.sanchez@senado.gob.mx','53-45-30-00 Ext: 3380, 3922.','01/10/1960','Guanajuato','Salvatierra','Representación Proporcional','N/A','null','null','29/08/2012','Av. Paseo de la Reforma 135, Hemiciclo Piso 5 Oficina 15, Col. Tabacalera, Del. Cuauhtémoc, Cd. de México, C.P. 06030.','Galicia Ávila, Víctor Manuel Anastasio ','Doctorado','Derecho',' Diputado(a) Federal ','Agricultura y Ganadería (C. Senadores) ','null','1'),
('2','senadores/9217909.jpg','Venancio Luis','Sánchez Jiménez','Sánchez Jiménez Venancio Luis','sanchez-jimenez-venancio-luis','Venancio Luis Sánchez Jiménez','venancio-luis-sanchez-jimenez',2,'luis.sanchez@senado.gob.mx','53-45-30-00 Ext.: 3834, 3965, 3407.','18/05/1962','México','null','Representación Proporcional','N/A','null','null','29/08/2012','Av. Paseo de la Reforma 135, Hemiciclo Piso 3 Oficina 22, Col. Tabacalera, Del. Cuauhtémoc, Cd. de México, C.P. 06030.','Islas Ramos, Rodolfo Rubén ','Pasante/Licenciatura trunca','Económico-financiera',' Diputado(a) Federal ','null','null','1'),
('2','senadores/9217939.jpg','Layda Elena','Sansores San Román','Sansores San Román Layda Elena','sansores-san-roman-layda-elena','Layda Elena Sansores San Román','layda-elena-sansores-san-roman',5,'layda.sansores@senado.gob.mx','53-45-30-00 Ext.: 3254, 5160, 5165.','07/08/1945','Campeche','Campeche','Representación Proporcional','N/A','null','null','29/08/2012','Av. Paseo de la Reforma 135, Hemiciclo Piso 3 Oficina 23, Col. Tabacalera, Del. Cuauhtémoc, Cd. de México, C.P. 06030.','Ojesto Martínez Porcayo, María del Carmen ','Maestría','Ciencias de la salud',' Diputado(a) Federal Senador(a) ','Asuntos Fronterizos Sur (C. Senadores) ','null','1'),
('2','senadores/9216284.jpg','Alejandro','Tello Cristerna','Tello Cristerna Alejandro','tello-cristerna-alejandro','Alejandro Tello Cristerna','alejandro-tello-cristerna',1,'alejandro.telloc@senado.gob.mx','53-45-30-00 Ext: 5210, 3434.','30/05/1971','Zacatecas','null','Mayoría Relativa','Zacatecas','null','null','29/08/2012','Av. Paseo de la Reforma 135, Hemiciclo Piso 5 Oficina 16, Col. Tabacalera, Del. Cuauhtémoc, Cd. de México, C.P. 06030.','Olvera Acevedo, José Marco Antonio ','Licenciatura','Administración y contaduría','null','Ciencia y Tecnología (C. Senadores) ','null','1'),
('2','senadores/9215885.jpg','Teófilo','Torres Corzo','Torres Corzo Teófilo','torres-corzo-teofilo','Teófilo Torres Corzo','teofilo-torres-corzo',1,'teofilo.torres@senado.gob.mx','53-45-30-00 Ext: 3097, 3080.','09/08/1946','San Luis Potosí','San Luis Potosí','Primera Minoría','San Luis Potosí','null','null','29/08/2012','Av. Paseo de la Reforma 135, Hemiciclo Piso 5 Oficina 01, Col. Tabacalera, Del. Cuauhtémoc, Cd. de México, C.P. 06030.','Leal Tovías, Alejandro ','Maestría','Administración y contaduría',' Diputado(a) Local Diputado(a) Federal ','Relaciones Exteriores, Asia-Pacífico (C. Senadores) ','null','1'),
('2','senadores/9215586.jpg','Fernando','Torres Graciano','Torres Graciano Fernando','torres-graciano-fernando','Fernando Torres Graciano','fernando-torres-graciano',4,'torresgraciano@senado.gob.mx','53-45-30-00 Ext: 3424, 5243.','27/08/1970','Guanajuato','León','Mayoría Relativa','Guanajuato','null','null','29/08/2012','Av. Paseo de la Reforma 135, Hemiciclo Piso 5 Oficina 31, Col. Tabacalera, Del. Cuauhtémoc, Cd. de México, C.P. 06030.','Rodríguez Vizcarra Velázquez, Adriana ','Maestría','Derecho',' Diputado(a) Local ','Estudios Legislativos (C. Senadores) ','null','1'),
('2','senadores/9217808.jpg','María Marcela','Torres Peimbert','Torres Peimbert María Marcela','torres-peimbert-maria-marcela','María Marcela Torres Peimbert','maria-marcela-torres-peimbert',4,' marcela.torres@senado.gob.mx','53-45-30-00 Ext: 5261.','07/10/1961','Distrito Federal','null','Mayoría Relativa','Querétaro','null','null','29/08/2012','Av. Paseo de la Reforma 135, Hemiciclo Piso 6 Oficina 14, Col. Tabacalera, Del. Cuauhtémoc, Cd. de México, C.P. 06030.','Montes Hernández, Lorena ','Maestría','Ciencias de la salud',' Diputado(a) Federal ','Anticorrupción y Participación Ciudadana (C. Senadores) ','null','1'),
('2','senadores/9217882.jpg','Salvador','Vega Casillas','Vega Casillas Salvador','vega-casillas-salvador','Salvador Vega Casillas','salvador-vega-casillas',4,'salvador.vega@pan.senado.gob.mx','53-45-30-00 Ext: 3323, 3322.','18/08/1961','Michoacán','Apatzingán','Representación Proporcional','N/A','null','null','29/08/2012','Av. Paseo de la Reforma 135, Hemiciclo Piso 6 Oficina 20, Col. Tabacalera, Del. Cuauhtémoc, Cd. de México, C.P. 06030.','Martínez Medina, Yolanda ','Maestría','Administración y contaduría',' Diputado(a) Local Diputado(a) Federal ','Comité de Garantía de Acceso y Transparencia de la Información del Senado de la República (C. Senadores) ','null','1'),
('2','senadores/9216278.jpg','Héctor','Yunes Landa','Yunes Landa Héctor','yunes-landa-hector','Héctor Yunes Landa','hector-yunes-landa',1,'hector.yunes@senado.gob.mx','53-45-30-00 Ext: 3973, 3053.','27/09/1958','Veracruz','Soledad Doblado','Mayoría Relativa','Veracruz','null','null','29/08/2012','Av. Paseo de la Reforma 135, Hemiciclo Piso 5 Oficina 19, Col. Tabacalera, Del. Cuauhtémoc, Cd. de México, C.P. 06030.','Ayala Ríos, Erika ','Maestría','Derecho',' Diputado(a) Local Diputado(a) Federal ','Protección Civil (C. Senadores) ','null','1'),
('2','senadores/9216264.jpg','Fernando','Yunes Márquez','Yunes Márquez Fernando','yunes-marquez-fernando','Fernando Yunes Márquez','fernando-yunes-marquez',4,'fernandoyunes@senado.gob.mx','53-45-30-00 Ext: 3325, 5458.','10/02/1982','Veracruz','Xalapa','Primera Minoría','Veracruz','null','null','29/08/2012','Av. Paseo de la Reforma 135, Hemiciclo Piso 6 Oficina 13, Col. Tabacalera, Del. Cuauhtémoc, Cd. de México, C.P. 06030.','Guzmán Avilés, María del Rosario ','Maestría','Ciencias políticas y sociales',' Diputado(a) Local ','Defensa Nacional (C. Senadores) ','null','1'),
('2','senadores/9216276.jpg','José Francisco','Yunes Zorrilla','Yunes Zorrilla José Francisco','yunes-zorrilla-jose-francisco','José Francisco Yunes Zorrilla','jose-francisco-yunes-zorrilla',1,'jose.yunes@senado.gob.mx','53-45-30-00 Ext: 3078, 5249.','25/09/1969','Veracruz','Perote','Mayoría Relativa','Veracruz','null','null','29/08/2012','Av. Paseo de la Reforma 135, Hemiciclo Piso 5 Oficina 18, Col. Tabacalera, Del. Cuauhtémoc, Cd. de México, C.P. 06030.','Rementería Coello, Ainara ','Maestría','Ciencias políticas y sociales',' Diputado(a) Local Diputado(a) Federal ','Hacienda y Crédito Público (C. Senadores) ','null','1'),
('2','senadores/9215788.jpg','Arturo','Zamora Jiménez','Zamora Jiménez Arturo','zamora-jimenez-arturo','Arturo Zamora Jiménez','arturo-zamora-jimenez',1,'azamoraj@senado.gob.mx','53-45-30-00 Ext: 5157, 3052.','30/03/1956','Jalisco','Guadalajara','Mayoría Relativa','Jalisco','null','null','29/08/2012','Av. Paseo de la Reforma 135, Hemiciclo Piso 5 Oficina 20, Col. Tabacalera, Del. Cuauhtémoc, Cd. de México, C.P. 06030.','Martínez Espinoza, María Verónica ','Doctorado','Derecho',' Diputado(a) Federal ','Estudios Legislativos (C. Senadores) ','null','1'),
